{"applicationId":"91d34f09-839b-446e-93b5-674baf0a1af6","component":null,"deviceId":"mydht11","enqueuedTime":"2023-04-16T17:30:22.830Z","enrichments":{},"messageProperties":{},"messageSource":"telemetry","module":null,"schema":"default@v1","telemetry":{"Temperature":24.1},"templateId":"dtmi:aqwddchu9:acuzxqtwps"}
{"applicationId":"91d34f09-839b-446e-93b5-674baf0a1af6","component":null,"deviceId":"mydht11","enqueuedTime":"2023-04-16T17:30:22.909Z","enrichments":{},"messageProperties":{},"messageSource":"telemetry","module":null,"schema":"default@v1","telemetry":{"Humidity":34},"templateId":"dtmi:aqwddchu9:acuzxqtwps"}
{"applicationId":"91d34f09-839b-446e-93b5-674baf0a1af6","component":null,"deviceId":"mydht11","enqueuedTime":"2023-04-16T17:30:22.987Z","enrichments":{},"messageProperties":{},"messageSource":"telemetry","module":null,"schema":"default@v1","telemetry":{"Temperature":24.1},"templateId":"dtmi:aqwddchu9:acuzxqtwps"}
{"applicationId":"91d34f09-839b-446e-93b5-674baf0a1af6","component":null,"deviceId":"mydht11","enqueuedTime":"2023-04-16T17:30:23.065Z","enrichments":{},"messageProperties":{},"messageSource":"telemetry","module":null,"schema":"default@v1","telemetry":{"Humidity":34},"templateId":"dtmi:aqwddchu9:acuzxqtwps"}
{"applicationId":"91d34f09-839b-446e-93b5-674baf0a1af6","component":null,"deviceId":"mydht11","enqueuedTime":"2023-04-16T17:30:23.143Z","enrichments":{},"messageProperties":{},"messageSource":"telemetry","module":null,"schema":"default@v1","telemetry":{"Temperature":24.1},"templateId":"dtmi:aqwddchu9:acuzxqtwps"}
{"applicationId":"91d34f09-839b-446e-93b5-674baf0a1af6","component":null,"deviceId":"mydht11","enqueuedTime":"2023-04-16T17:30:23.237Z","enrichments":{},"messageProperties":{},"messageSource":"telemetry","module":null,"schema":"default@v1","telemetry":{"Humidity":34},"templateId":"dtmi:aqwddchu9:acuzxqtwps"}
{"applicationId":"91d34f09-839b-446e-93b5-674baf0a1af6","component":null,"deviceId":"mydht11","enqueuedTime":"2023-04-16T17:30:23.315Z","enrichments":{},"messageProperties":{},"messageSource":"telemetry","module":null,"schema":"default@v1","telemetry":{"Temperature":24.1},"templateId":"dtmi:aqwddchu9:acuzxqtwps"}
{"applicationId":"91d34f09-839b-446e-93b5-674baf0a1af6","component":null,"deviceId":"mydht11","enqueuedTime":"2023-04-16T17:30:23.393Z","enrichments":{},"messageProperties":{},"messageSource":"telemetry","module":null,"schema":"default@v1","telemetry":{"Humidity":34},"templateId":"dtmi:aqwddchu9:acuzxqtwps"}
{"applicationId":"91d34f09-839b-446e-93b5-674baf0a1af6","component":null,"deviceId":"mydht11","enqueuedTime":"2023-04-16T17:30:23.471Z","enrichments":{},"messageProperties":{},"messageSource":"telemetry","module":null,"schema":"default@v1","telemetry":{"Temperature":24.1},"templateId":"dtmi:aqwddchu9:acuzxqtwps"}
{"applicationId":"91d34f09-839b-446e-93b5-674baf0a1af6","component":null,"deviceId":"mydht11","enqueuedTime":"2023-04-16T17:30:23.565Z","enrichments":{},"messageProperties":{},"messageSource":"telemetry","module":null,"schema":"default@v1","telemetry":{"Humidity":34},"templateId":"dtmi:aqwddchu9:acuzxqtwps"}
{"applicationId":"91d34f09-839b-446e-93b5-674baf0a1af6","component":null,"deviceId":"mydht11","enqueuedTime":"2023-04-16T17:30:23.643Z","enrichments":{},"messageProperties":{},"messageSource":"telemetry","module":null,"schema":"default@v1","telemetry":{"Temperature":24.1},"templateId":"dtmi:aqwddchu9:acuzxqtwps"}
{"applicationId":"91d34f09-839b-446e-93b5-674baf0a1af6","component":null,"deviceId":"mydht11","enqueuedTime":"2023-04-16T17:30:23.721Z","enrichments":{},"messageProperties":{},"messageSource":"telemetry","module":null,"schema":"default@v1","telemetry":{"Humidity":34},"templateId":"dtmi:aqwddchu9:acuzxqtwps"}
{"applicationId":"91d34f09-839b-446e-93b5-674baf0a1af6","component":null,"deviceId":"mydht11","enqueuedTime":"2023-04-16T17:30:23.799Z","enrichments":{},"messageProperties":{},"messageSource":"telemetry","module":null,"schema":"default@v1","telemetry":{"Temperature":24.1},"templateId":"dtmi:aqwddchu9:acuzxqtwps"}
{"applicationId":"91d34f09-839b-446e-93b5-674baf0a1af6","component":null,"deviceId":"mydht11","enqueuedTime":"2023-04-16T17:30:23.877Z","enrichments":{},"messageProperties":{},"messageSource":"telemetry","module":null,"schema":"default@v1","telemetry":{"Humidity":34},"templateId":"dtmi:aqwddchu9:acuzxqtwps"}
{"applicationId":"91d34f09-839b-446e-93b5-674baf0a1af6","component":null,"deviceId":"mydht11","enqueuedTime":"2023-04-16T17:30:23.971Z","enrichments":{},"messageProperties":{},"messageSource":"telemetry","module":null,"schema":"default@v1","telemetry":{"Temperature":24.1},"templateId":"dtmi:aqwddchu9:acuzxqtwps"}
{"applicationId":"91d34f09-839b-446e-93b5-674baf0a1af6","component":null,"deviceId":"mydht11","enqueuedTime":"2023-04-16T17:30:24.049Z","enrichments":{},"messageProperties":{},"messageSource":"telemetry","module":null,"schema":"default@v1","telemetry":{"Humidity":34},"templateId":"dtmi:aqwddchu9:acuzxqtwps"}
{"applicationId":"91d34f09-839b-446e-93b5-674baf0a1af6","component":null,"deviceId":"mydht11","enqueuedTime":"2023-04-16T17:30:24.159Z","enrichments":{},"messageProperties":{},"messageSource":"telemetry","module":null,"schema":"default@v1","telemetry":{"Temperature":24.1},"templateId":"dtmi:aqwddchu9:acuzxqtwps"}
{"applicationId":"91d34f09-839b-446e-93b5-674baf0a1af6","component":null,"deviceId":"mydht11","enqueuedTime":"2023-04-16T17:30:24.205Z","enrichments":{},"messageProperties":{},"messageSource":"telemetry","module":null,"schema":"default@v1","telemetry":{"Humidity":34},"templateId":"dtmi:aqwddchu9:acuzxqtwps"}
{"applicationId":"91d34f09-839b-446e-93b5-674baf0a1af6","component":null,"deviceId":"mydht11","enqueuedTime":"2023-04-16T17:30:24.284Z","enrichments":{},"messageProperties":{},"messageSource":"telemetry","module":null,"schema":"default@v1","telemetry":{"Temperature":24.1},"templateId":"dtmi:aqwddchu9:acuzxqtwps"}
{"applicationId":"91d34f09-839b-446e-93b5-674baf0a1af6","component":null,"deviceId":"mydht11","enqueuedTime":"2023-04-16T17:30:24.377Z","enrichments":{},"messageProperties":{},"messageSource":"telemetry","module":null,"schema":"default@v1","telemetry":{"Humidity":34},"templateId":"dtmi:aqwddchu9:acuzxqtwps"}
{"applicationId":"91d34f09-839b-446e-93b5-674baf0a1af6","component":null,"deviceId":"mydht11","enqueuedTime":"2023-04-16T17:30:24.455Z","enrichments":{},"messageProperties":{},"messageSource":"telemetry","module":null,"schema":"default@v1","telemetry":{"Temperature":24.1},"templateId":"dtmi:aqwddchu9:acuzxqtwps"}
{"applicationId":"91d34f09-839b-446e-93b5-674baf0a1af6","component":null,"deviceId":"mydht11","enqueuedTime":"2023-04-16T17:30:24.534Z","enrichments":{},"messageProperties":{},"messageSource":"telemetry","module":null,"schema":"default@v1","telemetry":{"Humidity":34},"templateId":"dtmi:aqwddchu9:acuzxqtwps"}
{"applicationId":"91d34f09-839b-446e-93b5-674baf0a1af6","component":null,"deviceId":"mydht11","enqueuedTime":"2023-04-16T17:30:24.612Z","enrichments":{},"messageProperties":{},"messageSource":"telemetry","module":null,"schema":"default@v1","telemetry":{"Temperature":24.1},"templateId":"dtmi:aqwddchu9:acuzxqtwps"}
{"applicationId":"91d34f09-839b-446e-93b5-674baf0a1af6","component":null,"deviceId":"mydht11","enqueuedTime":"2023-04-16T17:30:24.705Z","enrichments":{},"messageProperties":{},"messageSource":"telemetry","module":null,"schema":"default@v1","telemetry":{"Humidity":34},"templateId":"dtmi:aqwddchu9:acuzxqtwps"}
{"applicationId":"91d34f09-839b-446e-93b5-674baf0a1af6","component":null,"deviceId":"mydht11","enqueuedTime":"2023-04-16T17:30:24.768Z","enrichments":{},"messageProperties":{},"messageSource":"telemetry","module":null,"schema":"default@v1","telemetry":{"Temperature":24.1},"templateId":"dtmi:aqwddchu9:acuzxqtwps"}
{"applicationId":"91d34f09-839b-446e-93b5-674baf0a1af6","component":null,"deviceId":"mydht11","enqueuedTime":"2023-04-16T17:30:24.862Z","enrichments":{},"messageProperties":{},"messageSource":"telemetry","module":null,"schema":"default@v1","telemetry":{"Humidity":34},"templateId":"dtmi:aqwddchu9:acuzxqtwps"}
{"applicationId":"91d34f09-839b-446e-93b5-674baf0a1af6","component":null,"deviceId":"mydht11","enqueuedTime":"2023-04-16T17:30:24.940Z","enrichments":{},"messageProperties":{},"messageSource":"telemetry","module":null,"schema":"default@v1","telemetry":{"Temperature":24.1},"templateId":"dtmi:aqwddchu9:acuzxqtwps"}
{"applicationId":"91d34f09-839b-446e-93b5-674baf0a1af6","component":null,"deviceId":"mydht11","enqueuedTime":"2023-04-16T17:30:25.018Z","enrichments":{},"messageProperties":{},"messageSource":"telemetry","module":null,"schema":"default@v1","telemetry":{"Humidity":34},"templateId":"dtmi:aqwddchu9:acuzxqtwps"}
{"applicationId":"91d34f09-839b-446e-93b5-674baf0a1af6","component":null,"deviceId":"mydht11","enqueuedTime":"2023-04-16T17:30:25.096Z","enrichments":{},"messageProperties":{},"messageSource":"telemetry","module":null,"schema":"default@v1","telemetry":{"Temperature":24.1},"templateId":"dtmi:aqwddchu9:acuzxqtwps"}
{"applicationId":"91d34f09-839b-446e-93b5-674baf0a1af6","component":null,"deviceId":"mydht11","enqueuedTime":"2023-04-16T17:30:25.190Z","enrichments":{},"messageProperties":{},"messageSource":"telemetry","module":null,"schema":"default@v1","telemetry":{"Humidity":34},"templateId":"dtmi:aqwddchu9:acuzxqtwps"}
{"applicationId":"91d34f09-839b-446e-93b5-674baf0a1af6","component":null,"deviceId":"mydht11","enqueuedTime":"2023-04-16T17:30:25.268Z","enrichments":{},"messageProperties":{},"messageSource":"telemetry","module":null,"schema":"default@v1","telemetry":{"Temperature":24.1},"templateId":"dtmi:aqwddchu9:acuzxqtwps"}
{"applicationId":"91d34f09-839b-446e-93b5-674baf0a1af6","component":null,"deviceId":"mydht11","enqueuedTime":"2023-04-16T17:30:25.346Z","enrichments":{},"messageProperties":{},"messageSource":"telemetry","module":null,"schema":"default@v1","telemetry":{"Humidity":34},"templateId":"dtmi:aqwddchu9:acuzxqtwps"}
{"applicationId":"91d34f09-839b-446e-93b5-674baf0a1af6","component":null,"deviceId":"mydht11","enqueuedTime":"2023-04-16T17:30:25.424Z","enrichments":{},"messageProperties":{},"messageSource":"telemetry","module":null,"schema":"default@v1","telemetry":{"Temperature":24.1},"templateId":"dtmi:aqwddchu9:acuzxqtwps"}
{"applicationId":"91d34f09-839b-446e-93b5-674baf0a1af6","component":null,"deviceId":"mydht11","enqueuedTime":"2023-04-16T17:30:25.503Z","enrichments":{},"messageProperties":{},"messageSource":"telemetry","module":null,"schema":"default@v1","telemetry":{"Humidity":34},"templateId":"dtmi:aqwddchu9:acuzxqtwps"}
{"applicationId":"91d34f09-839b-446e-93b5-674baf0a1af6","component":null,"deviceId":"mydht11","enqueuedTime":"2023-04-16T17:30:25.862Z","enrichments":{},"messageProperties":{},"messageSource":"telemetry","module":null,"schema":"default@v1","telemetry":{"Temperature":24.1},"templateId":"dtmi:aqwddchu9:acuzxqtwps"}
{"applicationId":"91d34f09-839b-446e-93b5-674baf0a1af6","component":null,"deviceId":"mydht11","enqueuedTime":"2023-04-16T17:30:25.893Z","enrichments":{},"messageProperties":{},"messageSource":"telemetry","module":null,"schema":"default@v1","telemetry":{"Humidity":34},"templateId":"dtmi:aqwddchu9:acuzxqtwps"}
{"applicationId":"91d34f09-839b-446e-93b5-674baf0a1af6","component":null,"deviceId":"mydht11","enqueuedTime":"2023-04-16T17:30:25.909Z","enrichments":{},"messageProperties":{},"messageSource":"telemetry","module":null,"schema":"default@v1","telemetry":{"Temperature":24.1},"templateId":"dtmi:aqwddchu9:acuzxqtwps"}
{"applicationId":"91d34f09-839b-446e-93b5-674baf0a1af6","component":null,"deviceId":"mydht11","enqueuedTime":"2023-04-16T17:30:25.925Z","enrichments":{},"messageProperties":{},"messageSource":"telemetry","module":null,"schema":"default@v1","telemetry":{"Humidity":34},"templateId":"dtmi:aqwddchu9:acuzxqtwps"}
{"applicationId":"91d34f09-839b-446e-93b5-674baf0a1af6","component":null,"deviceId":"mydht11","enqueuedTime":"2023-04-16T17:30:25.956Z","enrichments":{},"messageProperties":{},"messageSource":"telemetry","module":null,"schema":"default@v1","telemetry":{"Temperature":24.1},"templateId":"dtmi:aqwddchu9:acuzxqtwps"}
{"applicationId":"91d34f09-839b-446e-93b5-674baf0a1af6","component":null,"deviceId":"mydht11","enqueuedTime":"2023-04-16T17:30:26.003Z","enrichments":{},"messageProperties":{},"messageSource":"telemetry","module":null,"schema":"default@v1","telemetry":{"Humidity":34},"templateId":"dtmi:aqwddchu9:acuzxqtwps"}
{"applicationId":"91d34f09-839b-446e-93b5-674baf0a1af6","component":null,"deviceId":"mydht11","enqueuedTime":"2023-04-16T17:30:26.081Z","enrichments":{},"messageProperties":{},"messageSource":"telemetry","module":null,"schema":"default@v1","telemetry":{"Temperature":24.1},"templateId":"dtmi:aqwddchu9:acuzxqtwps"}
{"applicationId":"91d34f09-839b-446e-93b5-674baf0a1af6","component":null,"deviceId":"mydht11","enqueuedTime":"2023-04-16T17:30:26.160Z","enrichments":{},"messageProperties":{},"messageSource":"telemetry","module":null,"schema":"default@v1","telemetry":{"Humidity":34},"templateId":"dtmi:aqwddchu9:acuzxqtwps"}
{"applicationId":"91d34f09-839b-446e-93b5-674baf0a1af6","component":null,"deviceId":"mydht11","enqueuedTime":"2023-04-16T17:30:26.268Z","enrichments":{},"messageProperties":{},"messageSource":"telemetry","module":null,"schema":"default@v1","telemetry":{"Temperature":24.200001},"templateId":"dtmi:aqwddchu9:acuzxqtwps"}
{"applicationId":"91d34f09-839b-446e-93b5-674baf0a1af6","component":null,"deviceId":"mydht11","enqueuedTime":"2023-04-16T17:30:26.315Z","enrichments":{},"messageProperties":{},"messageSource":"telemetry","module":null,"schema":"default@v1","telemetry":{"Humidity":35},"templateId":"dtmi:aqwddchu9:acuzxqtwps"}
{"applicationId":"91d34f09-839b-446e-93b5-674baf0a1af6","component":null,"deviceId":"mydht11","enqueuedTime":"2023-04-16T17:30:26.409Z","enrichments":{},"messageProperties":{},"messageSource":"telemetry","module":null,"schema":"default@v1","telemetry":{"Temperature":24.200001},"templateId":"dtmi:aqwddchu9:acuzxqtwps"}
{"applicationId":"91d34f09-839b-446e-93b5-674baf0a1af6","component":null,"deviceId":"mydht11","enqueuedTime":"2023-04-16T17:30:26.487Z","enrichments":{},"messageProperties":{},"messageSource":"telemetry","module":null,"schema":"default@v1","telemetry":{"Humidity":35},"templateId":"dtmi:aqwddchu9:acuzxqtwps"}
{"applicationId":"91d34f09-839b-446e-93b5-674baf0a1af6","component":null,"deviceId":"mydht11","enqueuedTime":"2023-04-16T17:30:26.565Z","enrichments":{},"messageProperties":{},"messageSource":"telemetry","module":null,"schema":"default@v1","telemetry":{"Temperature":24.200001},"templateId":"dtmi:aqwddchu9:acuzxqtwps"}
{"applicationId":"91d34f09-839b-446e-93b5-674baf0a1af6","component":null,"deviceId":"mydht11","enqueuedTime":"2023-04-16T17:30:26.643Z","enrichments":{},"messageProperties":{},"messageSource":"telemetry","module":null,"schema":"default@v1","telemetry":{"Humidity":35},"templateId":"dtmi:aqwddchu9:acuzxqtwps"}
{"applicationId":"91d34f09-839b-446e-93b5-674baf0a1af6","component":null,"deviceId":"mydht11","enqueuedTime":"2023-04-16T17:30:26.721Z","enrichments":{},"messageProperties":{},"messageSource":"telemetry","module":null,"schema":"default@v1","telemetry":{"Temperature":24.200001},"templateId":"dtmi:aqwddchu9:acuzxqtwps"}
{"applicationId":"91d34f09-839b-446e-93b5-674baf0a1af6","component":null,"deviceId":"mydht11","enqueuedTime":"2023-04-16T17:30:26.815Z","enrichments":{},"messageProperties":{},"messageSource":"telemetry","module":null,"schema":"default@v1","telemetry":{"Humidity":35},"templateId":"dtmi:aqwddchu9:acuzxqtwps"}
{"applicationId":"91d34f09-839b-446e-93b5-674baf0a1af6","component":null,"deviceId":"mydht11","enqueuedTime":"2023-04-16T17:30:26.893Z","enrichments":{},"messageProperties":{},"messageSource":"telemetry","module":null,"schema":"default@v1","telemetry":{"Temperature":24.200001},"templateId":"dtmi:aqwddchu9:acuzxqtwps"}
{"applicationId":"91d34f09-839b-446e-93b5-674baf0a1af6","component":null,"deviceId":"mydht11","enqueuedTime":"2023-04-16T17:30:26.972Z","enrichments":{},"messageProperties":{},"messageSource":"telemetry","module":null,"schema":"default@v1","telemetry":{"Humidity":35},"templateId":"dtmi:aqwddchu9:acuzxqtwps"}
{"applicationId":"91d34f09-839b-446e-93b5-674baf0a1af6","component":null,"deviceId":"mydht11","enqueuedTime":"2023-04-16T17:30:27.050Z","enrichments":{},"messageProperties":{},"messageSource":"telemetry","module":null,"schema":"default@v1","telemetry":{"Temperature":24.200001},"templateId":"dtmi:aqwddchu9:acuzxqtwps"}
{"applicationId":"91d34f09-839b-446e-93b5-674baf0a1af6","component":null,"deviceId":"mydht11","enqueuedTime":"2023-04-16T17:30:27.128Z","enrichments":{},"messageProperties":{},"messageSource":"telemetry","module":null,"schema":"default@v1","telemetry":{"Humidity":35},"templateId":"dtmi:aqwddchu9:acuzxqtwps"}
{"applicationId":"91d34f09-839b-446e-93b5-674baf0a1af6","component":null,"deviceId":"mydht11","enqueuedTime":"2023-04-16T17:30:27.206Z","enrichments":{},"messageProperties":{},"messageSource":"telemetry","module":null,"schema":"default@v1","telemetry":{"Temperature":24.200001},"templateId":"dtmi:aqwddchu9:acuzxqtwps"}
{"applicationId":"91d34f09-839b-446e-93b5-674baf0a1af6","component":null,"deviceId":"mydht11","enqueuedTime":"2023-04-16T17:30:27.300Z","enrichments":{},"messageProperties":{},"messageSource":"telemetry","module":null,"schema":"default@v1","telemetry":{"Humidity":35},"templateId":"dtmi:aqwddchu9:acuzxqtwps"}
{"applicationId":"91d34f09-839b-446e-93b5-674baf0a1af6","component":null,"deviceId":"mydht11","enqueuedTime":"2023-04-16T17:30:27.378Z","enrichments":{},"messageProperties":{},"messageSource":"telemetry","module":null,"schema":"default@v1","telemetry":{"Temperature":24.200001},"templateId":"dtmi:aqwddchu9:acuzxqtwps"}
{"applicationId":"91d34f09-839b-446e-93b5-674baf0a1af6","component":null,"deviceId":"mydht11","enqueuedTime":"2023-04-16T17:30:27.456Z","enrichments":{},"messageProperties":{},"messageSource":"telemetry","module":null,"schema":"default@v1","telemetry":{"Humidity":35},"templateId":"dtmi:aqwddchu9:acuzxqtwps"}
{"applicationId":"91d34f09-839b-446e-93b5-674baf0a1af6","component":null,"deviceId":"mydht11","enqueuedTime":"2023-04-16T17:30:27.534Z","enrichments":{},"messageProperties":{},"messageSource":"telemetry","module":null,"schema":"default@v1","telemetry":{"Temperature":24.200001},"templateId":"dtmi:aqwddchu9:acuzxqtwps"}
{"applicationId":"91d34f09-839b-446e-93b5-674baf0a1af6","component":null,"deviceId":"mydht11","enqueuedTime":"2023-04-16T17:30:27.628Z","enrichments":{},"messageProperties":{},"messageSource":"telemetry","module":null,"schema":"default@v1","telemetry":{"Humidity":35},"templateId":"dtmi:aqwddchu9:acuzxqtwps"}
{"applicationId":"91d34f09-839b-446e-93b5-674baf0a1af6","component":null,"deviceId":"mydht11","enqueuedTime":"2023-04-16T17:30:27.706Z","enrichments":{},"messageProperties":{},"messageSource":"telemetry","module":null,"schema":"default@v1","telemetry":{"Temperature":24.200001},"templateId":"dtmi:aqwddchu9:acuzxqtwps"}
{"applicationId":"91d34f09-839b-446e-93b5-674baf0a1af6","component":null,"deviceId":"mydht11","enqueuedTime":"2023-04-16T17:30:27.784Z","enrichments":{},"messageProperties":{},"messageSource":"telemetry","module":null,"schema":"default@v1","telemetry":{"Humidity":35},"templateId":"dtmi:aqwddchu9:acuzxqtwps"}
{"applicationId":"91d34f09-839b-446e-93b5-674baf0a1af6","component":null,"deviceId":"mydht11","enqueuedTime":"2023-04-16T17:30:27.862Z","enrichments":{},"messageProperties":{},"messageSource":"telemetry","module":null,"schema":"default@v1","telemetry":{"Temperature":24.200001},"templateId":"dtmi:aqwddchu9:acuzxqtwps"}
{"applicationId":"91d34f09-839b-446e-93b5-674baf0a1af6","component":null,"deviceId":"mydht11","enqueuedTime":"2023-04-16T17:30:27.940Z","enrichments":{},"messageProperties":{},"messageSource":"telemetry","module":null,"schema":"default@v1","telemetry":{"Humidity":35},"templateId":"dtmi:aqwddchu9:acuzxqtwps"}
{"applicationId":"91d34f09-839b-446e-93b5-674baf0a1af6","component":null,"deviceId":"mydht11","enqueuedTime":"2023-04-16T17:30:28.018Z","enrichments":{},"messageProperties":{},"messageSource":"telemetry","module":null,"schema":"default@v1","telemetry":{"Temperature":24.200001},"templateId":"dtmi:aqwddchu9:acuzxqtwps"}
{"applicationId":"91d34f09-839b-446e-93b5-674baf0a1af6","component":null,"deviceId":"mydht11","enqueuedTime":"2023-04-16T17:30:28.112Z","enrichments":{},"messageProperties":{},"messageSource":"telemetry","module":null,"schema":"default@v1","telemetry":{"Humidity":35},"templateId":"dtmi:aqwddchu9:acuzxqtwps"}
{"applicationId":"91d34f09-839b-446e-93b5-674baf0a1af6","component":null,"deviceId":"mydht11","enqueuedTime":"2023-04-16T17:30:28.190Z","enrichments":{},"messageProperties":{},"messageSource":"telemetry","module":null,"schema":"default@v1","telemetry":{"Temperature":24.200001},"templateId":"dtmi:aqwddchu9:acuzxqtwps"}
{"applicationId":"91d34f09-839b-446e-93b5-674baf0a1af6","component":null,"deviceId":"mydht11","enqueuedTime":"2023-04-16T17:30:28.268Z","enrichments":{},"messageProperties":{},"messageSource":"telemetry","module":null,"schema":"default@v1","telemetry":{"Humidity":35},"templateId":"dtmi:aqwddchu9:acuzxqtwps"}
{"applicationId":"91d34f09-839b-446e-93b5-674baf0a1af6","component":null,"deviceId":"mydht11","enqueuedTime":"2023-04-16T17:30:28.378Z","enrichments":{},"messageProperties":{},"messageSource":"telemetry","module":null,"schema":"default@v1","telemetry":{"Temperature":24.200001},"templateId":"dtmi:aqwddchu9:acuzxqtwps"}
{"applicationId":"91d34f09-839b-446e-93b5-674baf0a1af6","component":null,"deviceId":"mydht11","enqueuedTime":"2023-04-16T17:30:28.456Z","enrichments":{},"messageProperties":{},"messageSource":"telemetry","module":null,"schema":"default@v1","telemetry":{"Humidity":34},"templateId":"dtmi:aqwddchu9:acuzxqtwps"}
{"applicationId":"91d34f09-839b-446e-93b5-674baf0a1af6","component":null,"deviceId":"mydht11","enqueuedTime":"2023-04-16T17:30:28.518Z","enrichments":{},"messageProperties":{},"messageSource":"telemetry","module":null,"schema":"default@v1","telemetry":{"Temperature":24.200001},"templateId":"dtmi:aqwddchu9:acuzxqtwps"}
{"applicationId":"91d34f09-839b-446e-93b5-674baf0a1af6","component":null,"deviceId":"mydht11","enqueuedTime":"2023-04-16T17:30:28.596Z","enrichments":{},"messageProperties":{},"messageSource":"telemetry","module":null,"schema":"default@v1","telemetry":{"Humidity":34},"templateId":"dtmi:aqwddchu9:acuzxqtwps"}
{"applicationId":"91d34f09-839b-446e-93b5-674baf0a1af6","component":null,"deviceId":"mydht11","enqueuedTime":"2023-04-16T17:30:28.675Z","enrichments":{},"messageProperties":{},"messageSource":"telemetry","module":null,"schema":"default@v1","telemetry":{"Temperature":24.200001},"templateId":"dtmi:aqwddchu9:acuzxqtwps"}
{"applicationId":"91d34f09-839b-446e-93b5-674baf0a1af6","component":null,"deviceId":"mydht11","enqueuedTime":"2023-04-16T17:30:28.754Z","enrichments":{},"messageProperties":{},"messageSource":"telemetry","module":null,"schema":"default@v1","telemetry":{"Humidity":34},"templateId":"dtmi:aqwddchu9:acuzxqtwps"}
{"applicationId":"91d34f09-839b-446e-93b5-674baf0a1af6","component":null,"deviceId":"mydht11","enqueuedTime":"2023-04-16T17:30:28.832Z","enrichments":{},"messageProperties":{},"messageSource":"telemetry","module":null,"schema":"default@v1","telemetry":{"Temperature":24.200001},"templateId":"dtmi:aqwddchu9:acuzxqtwps"}
{"applicationId":"91d34f09-839b-446e-93b5-674baf0a1af6","component":null,"deviceId":"mydht11","enqueuedTime":"2023-04-16T17:30:28.925Z","enrichments":{},"messageProperties":{},"messageSource":"telemetry","module":null,"schema":"default@v1","telemetry":{"Humidity":34},"templateId":"dtmi:aqwddchu9:acuzxqtwps"}
{"applicationId":"91d34f09-839b-446e-93b5-674baf0a1af6","component":null,"deviceId":"mydht11","enqueuedTime":"2023-04-16T17:30:29.004Z","enrichments":{},"messageProperties":{},"messageSource":"telemetry","module":null,"schema":"default@v1","telemetry":{"Temperature":24.200001},"templateId":"dtmi:aqwddchu9:acuzxqtwps"}
{"applicationId":"91d34f09-839b-446e-93b5-674baf0a1af6","component":null,"deviceId":"mydht11","enqueuedTime":"2023-04-16T17:30:29.082Z","enrichments":{},"messageProperties":{},"messageSource":"telemetry","module":null,"schema":"default@v1","telemetry":{"Humidity":34},"templateId":"dtmi:aqwddchu9:acuzxqtwps"}
{"applicationId":"91d34f09-839b-446e-93b5-674baf0a1af6","component":null,"deviceId":"mydht11","enqueuedTime":"2023-04-16T17:30:29.160Z","enrichments":{},"messageProperties":{},"messageSource":"telemetry","module":null,"schema":"default@v1","telemetry":{"Temperature":24.200001},"templateId":"dtmi:aqwddchu9:acuzxqtwps"}
{"applicationId":"91d34f09-839b-446e-93b5-674baf0a1af6","component":null,"deviceId":"mydht11","enqueuedTime":"2023-04-16T17:30:29.254Z","enrichments":{},"messageProperties":{},"messageSource":"telemetry","module":null,"schema":"default@v1","telemetry":{"Humidity":34},"templateId":"dtmi:aqwddchu9:acuzxqtwps"}
{"applicationId":"91d34f09-839b-446e-93b5-674baf0a1af6","component":null,"deviceId":"mydht11","enqueuedTime":"2023-04-16T17:30:29.332Z","enrichments":{},"messageProperties":{},"messageSource":"telemetry","module":null,"schema":"default@v1","telemetry":{"Temperature":24.200001},"templateId":"dtmi:aqwddchu9:acuzxqtwps"}
{"applicationId":"91d34f09-839b-446e-93b5-674baf0a1af6","component":null,"deviceId":"mydht11","enqueuedTime":"2023-04-16T17:30:29.410Z","enrichments":{},"messageProperties":{},"messageSource":"telemetry","module":null,"schema":"default@v1","telemetry":{"Humidity":34},"templateId":"dtmi:aqwddchu9:acuzxqtwps"}
{"applicationId":"91d34f09-839b-446e-93b5-674baf0a1af6","component":null,"deviceId":"mydht11","enqueuedTime":"2023-04-16T17:30:29.488Z","enrichments":{},"messageProperties":{},"messageSource":"telemetry","module":null,"schema":"default@v1","telemetry":{"Temperature":24.200001},"templateId":"dtmi:aqwddchu9:acuzxqtwps"}
{"applicationId":"91d34f09-839b-446e-93b5-674baf0a1af6","component":null,"deviceId":"mydht11","enqueuedTime":"2023-04-16T17:30:29.566Z","enrichments":{},"messageProperties":{},"messageSource":"telemetry","module":null,"schema":"default@v1","telemetry":{"Humidity":34},"templateId":"dtmi:aqwddchu9:acuzxqtwps"}
{"applicationId":"91d34f09-839b-446e-93b5-674baf0a1af6","component":null,"deviceId":"mydht11","enqueuedTime":"2023-04-16T17:30:29.660Z","enrichments":{},"messageProperties":{},"messageSource":"telemetry","module":null,"schema":"default@v1","telemetry":{"Temperature":24.200001},"templateId":"dtmi:aqwddchu9:acuzxqtwps"}
{"applicationId":"91d34f09-839b-446e-93b5-674baf0a1af6","component":null,"deviceId":"mydht11","enqueuedTime":"2023-04-16T17:30:29.738Z","enrichments":{},"messageProperties":{},"messageSource":"telemetry","module":null,"schema":"default@v1","telemetry":{"Humidity":34},"templateId":"dtmi:aqwddchu9:acuzxqtwps"}
{"applicationId":"91d34f09-839b-446e-93b5-674baf0a1af6","component":null,"deviceId":"mydht11","enqueuedTime":"2023-04-16T17:30:29.816Z","enrichments":{},"messageProperties":{},"messageSource":"telemetry","module":null,"schema":"default@v1","telemetry":{"Temperature":24.200001},"templateId":"dtmi:aqwddchu9:acuzxqtwps"}
{"applicationId":"91d34f09-839b-446e-93b5-674baf0a1af6","component":null,"deviceId":"mydht11","enqueuedTime":"2023-04-16T17:30:29.894Z","enrichments":{},"messageProperties":{},"messageSource":"telemetry","module":null,"schema":"default@v1","telemetry":{"Humidity":34},"templateId":"dtmi:aqwddchu9:acuzxqtwps"}
{"applicationId":"91d34f09-839b-446e-93b5-674baf0a1af6","component":null,"deviceId":"mydht11","enqueuedTime":"2023-04-16T17:30:29.972Z","enrichments":{},"messageProperties":{},"messageSource":"telemetry","module":null,"schema":"default@v1","telemetry":{"Temperature":24.200001},"templateId":"dtmi:aqwddchu9:acuzxqtwps"}
{"applicationId":"91d34f09-839b-446e-93b5-674baf0a1af6","component":null,"deviceId":"mydht11","enqueuedTime":"2023-04-16T17:30:30.066Z","enrichments":{},"messageProperties":{},"messageSource":"telemetry","module":null,"schema":"default@v1","telemetry":{"Humidity":34},"templateId":"dtmi:aqwddchu9:acuzxqtwps"}
{"applicationId":"91d34f09-839b-446e-93b5-674baf0a1af6","component":null,"deviceId":"mydht11","enqueuedTime":"2023-04-16T17:30:30.144Z","enrichments":{},"messageProperties":{},"messageSource":"telemetry","module":null,"schema":"default@v1","telemetry":{"Temperature":24.200001},"templateId":"dtmi:aqwddchu9:acuzxqtwps"}
{"applicationId":"91d34f09-839b-446e-93b5-674baf0a1af6","component":null,"deviceId":"mydht11","enqueuedTime":"2023-04-16T17:30:30.222Z","enrichments":{},"messageProperties":{},"messageSource":"telemetry","module":null,"schema":"default@v1","telemetry":{"Humidity":34},"templateId":"dtmi:aqwddchu9:acuzxqtwps"}
{"applicationId":"91d34f09-839b-446e-93b5-674baf0a1af6","component":null,"deviceId":"mydht11","enqueuedTime":"2023-04-16T17:30:30.301Z","enrichments":{},"messageProperties":{},"messageSource":"telemetry","module":null,"schema":"default@v1","telemetry":{"Temperature":24.200001},"templateId":"dtmi:aqwddchu9:acuzxqtwps"}
{"applicationId":"91d34f09-839b-446e-93b5-674baf0a1af6","component":null,"deviceId":"mydht11","enqueuedTime":"2023-04-16T17:30:30.379Z","enrichments":{},"messageProperties":{},"messageSource":"telemetry","module":null,"schema":"default@v1","telemetry":{"Humidity":34},"templateId":"dtmi:aqwddchu9:acuzxqtwps"}
{"applicationId":"91d34f09-839b-446e-93b5-674baf0a1af6","component":null,"deviceId":"mydht11","enqueuedTime":"2023-04-16T17:30:30.488Z","enrichments":{},"messageProperties":{},"messageSource":"telemetry","module":null,"schema":"default@v1","telemetry":{"Temperature":24.1},"templateId":"dtmi:aqwddchu9:acuzxqtwps"}
{"applicationId":"91d34f09-839b-446e-93b5-674baf0a1af6","component":null,"deviceId":"mydht11","enqueuedTime":"2023-04-16T17:30:30.550Z","enrichments":{},"messageProperties":{},"messageSource":"telemetry","module":null,"schema":"default@v1","telemetry":{"Humidity":34},"templateId":"dtmi:aqwddchu9:acuzxqtwps"}
{"applicationId":"91d34f09-839b-446e-93b5-674baf0a1af6","component":null,"deviceId":"mydht11","enqueuedTime":"2023-04-16T17:30:30.628Z","enrichments":{},"messageProperties":{},"messageSource":"telemetry","module":null,"schema":"default@v1","telemetry":{"Temperature":24.1},"templateId":"dtmi:aqwddchu9:acuzxqtwps"}
{"applicationId":"91d34f09-839b-446e-93b5-674baf0a1af6","component":null,"deviceId":"mydht11","enqueuedTime":"2023-04-16T17:30:30.707Z","enrichments":{},"messageProperties":{},"messageSource":"telemetry","module":null,"schema":"default@v1","telemetry":{"Humidity":34},"templateId":"dtmi:aqwddchu9:acuzxqtwps"}
{"applicationId":"91d34f09-839b-446e-93b5-674baf0a1af6","component":null,"deviceId":"mydht11","enqueuedTime":"2023-04-16T17:30:30.800Z","enrichments":{},"messageProperties":{},"messageSource":"telemetry","module":null,"schema":"default@v1","telemetry":{"Temperature":24.1},"templateId":"dtmi:aqwddchu9:acuzxqtwps"}
{"applicationId":"91d34f09-839b-446e-93b5-674baf0a1af6","component":null,"deviceId":"mydht11","enqueuedTime":"2023-04-16T17:30:30.878Z","enrichments":{},"messageProperties":{},"messageSource":"telemetry","module":null,"schema":"default@v1","telemetry":{"Humidity":34},"templateId":"dtmi:aqwddchu9:acuzxqtwps"}
{"applicationId":"91d34f09-839b-446e-93b5-674baf0a1af6","component":null,"deviceId":"mydht11","enqueuedTime":"2023-04-16T17:30:30.957Z","enrichments":{},"messageProperties":{},"messageSource":"telemetry","module":null,"schema":"default@v1","telemetry":{"Temperature":24.1},"templateId":"dtmi:aqwddchu9:acuzxqtwps"}
{"applicationId":"91d34f09-839b-446e-93b5-674baf0a1af6","component":null,"deviceId":"mydht11","enqueuedTime":"2023-04-16T17:30:31.066Z","enrichments":{},"messageProperties":{},"messageSource":"telemetry","module":null,"schema":"default@v1","telemetry":{"Humidity":34},"templateId":"dtmi:aqwddchu9:acuzxqtwps"}
{"applicationId":"91d34f09-839b-446e-93b5-674baf0a1af6","component":null,"deviceId":"mydht11","enqueuedTime":"2023-04-16T17:30:31.129Z","enrichments":{},"messageProperties":{},"messageSource":"telemetry","module":null,"schema":"default@v1","telemetry":{"Temperature":24.1},"templateId":"dtmi:aqwddchu9:acuzxqtwps"}
{"applicationId":"91d34f09-839b-446e-93b5-674baf0a1af6","component":null,"deviceId":"mydht11","enqueuedTime":"2023-04-16T17:30:31.207Z","enrichments":{},"messageProperties":{},"messageSource":"telemetry","module":null,"schema":"default@v1","telemetry":{"Humidity":34},"templateId":"dtmi:aqwddchu9:acuzxqtwps"}
{"applicationId":"91d34f09-839b-446e-93b5-674baf0a1af6","component":null,"deviceId":"mydht11","enqueuedTime":"2023-04-16T17:30:31.269Z","enrichments":{},"messageProperties":{},"messageSource":"telemetry","module":null,"schema":"default@v1","telemetry":{"Temperature":24.1},"templateId":"dtmi:aqwddchu9:acuzxqtwps"}
{"applicationId":"91d34f09-839b-446e-93b5-674baf0a1af6","component":null,"deviceId":"mydht11","enqueuedTime":"2023-04-16T17:30:31.363Z","enrichments":{},"messageProperties":{},"messageSource":"telemetry","module":null,"schema":"default@v1","telemetry":{"Humidity":34},"templateId":"dtmi:aqwddchu9:acuzxqtwps"}
{"applicationId":"91d34f09-839b-446e-93b5-674baf0a1af6","component":null,"deviceId":"mydht11","enqueuedTime":"2023-04-16T17:30:31.441Z","enrichments":{},"messageProperties":{},"messageSource":"telemetry","module":null,"schema":"default@v1","telemetry":{"Temperature":24.1},"templateId":"dtmi:aqwddchu9:acuzxqtwps"}
{"applicationId":"91d34f09-839b-446e-93b5-674baf0a1af6","component":null,"deviceId":"mydht11","enqueuedTime":"2023-04-16T17:30:31.519Z","enrichments":{},"messageProperties":{},"messageSource":"telemetry","module":null,"schema":"default@v1","telemetry":{"Humidity":34},"templateId":"dtmi:aqwddchu9:acuzxqtwps"}
{"applicationId":"91d34f09-839b-446e-93b5-674baf0a1af6","component":null,"deviceId":"mydht11","enqueuedTime":"2023-04-16T17:30:31.597Z","enrichments":{},"messageProperties":{},"messageSource":"telemetry","module":null,"schema":"default@v1","telemetry":{"Temperature":24.1},"templateId":"dtmi:aqwddchu9:acuzxqtwps"}
{"applicationId":"91d34f09-839b-446e-93b5-674baf0a1af6","component":null,"deviceId":"mydht11","enqueuedTime":"2023-04-16T17:30:31.691Z","enrichments":{},"messageProperties":{},"messageSource":"telemetry","module":null,"schema":"default@v1","telemetry":{"Humidity":34},"templateId":"dtmi:aqwddchu9:acuzxqtwps"}
{"applicationId":"91d34f09-839b-446e-93b5-674baf0a1af6","component":null,"deviceId":"mydht11","enqueuedTime":"2023-04-16T17:30:31.769Z","enrichments":{},"messageProperties":{},"messageSource":"telemetry","module":null,"schema":"default@v1","telemetry":{"Temperature":24.1},"templateId":"dtmi:aqwddchu9:acuzxqtwps"}
{"applicationId":"91d34f09-839b-446e-93b5-674baf0a1af6","component":null,"deviceId":"mydht11","enqueuedTime":"2023-04-16T17:30:31.847Z","enrichments":{},"messageProperties":{},"messageSource":"telemetry","module":null,"schema":"default@v1","telemetry":{"Humidity":34},"templateId":"dtmi:aqwddchu9:acuzxqtwps"}
{"applicationId":"91d34f09-839b-446e-93b5-674baf0a1af6","component":null,"deviceId":"mydht11","enqueuedTime":"2023-04-16T17:30:31.925Z","enrichments":{},"messageProperties":{},"messageSource":"telemetry","module":null,"schema":"default@v1","telemetry":{"Temperature":24.1},"templateId":"dtmi:aqwddchu9:acuzxqtwps"}
{"applicationId":"91d34f09-839b-446e-93b5-674baf0a1af6","component":null,"deviceId":"mydht11","enqueuedTime":"2023-04-16T17:30:32.004Z","enrichments":{},"messageProperties":{},"messageSource":"telemetry","module":null,"schema":"default@v1","telemetry":{"Humidity":34},"templateId":"dtmi:aqwddchu9:acuzxqtwps"}
{"applicationId":"91d34f09-839b-446e-93b5-674baf0a1af6","component":null,"deviceId":"mydht11","enqueuedTime":"2023-04-16T17:30:32.082Z","enrichments":{},"messageProperties":{},"messageSource":"telemetry","module":null,"schema":"default@v1","telemetry":{"Temperature":24.1},"templateId":"dtmi:aqwddchu9:acuzxqtwps"}
{"applicationId":"91d34f09-839b-446e-93b5-674baf0a1af6","component":null,"deviceId":"mydht11","enqueuedTime":"2023-04-16T17:30:32.176Z","enrichments":{},"messageProperties":{},"messageSource":"telemetry","module":null,"schema":"default@v1","telemetry":{"Humidity":34},"templateId":"dtmi:aqwddchu9:acuzxqtwps"}
{"applicationId":"91d34f09-839b-446e-93b5-674baf0a1af6","component":null,"deviceId":"mydht11","enqueuedTime":"2023-04-16T17:30:32.254Z","enrichments":{},"messageProperties":{},"messageSource":"telemetry","module":null,"schema":"default@v1","telemetry":{"Temperature":24.1},"templateId":"dtmi:aqwddchu9:acuzxqtwps"}
{"applicationId":"91d34f09-839b-446e-93b5-674baf0a1af6","component":null,"deviceId":"mydht11","enqueuedTime":"2023-04-16T17:30:32.332Z","enrichments":{},"messageProperties":{},"messageSource":"telemetry","module":null,"schema":"default@v1","telemetry":{"Humidity":34},"templateId":"dtmi:aqwddchu9:acuzxqtwps"}
{"applicationId":"91d34f09-839b-446e-93b5-674baf0a1af6","component":null,"deviceId":"mydht11","enqueuedTime":"2023-04-16T17:30:32.410Z","enrichments":{},"messageProperties":{},"messageSource":"telemetry","module":null,"schema":"default@v1","telemetry":{"Temperature":24.1},"templateId":"dtmi:aqwddchu9:acuzxqtwps"}
{"applicationId":"91d34f09-839b-446e-93b5-674baf0a1af6","component":null,"deviceId":"mydht11","enqueuedTime":"2023-04-16T17:30:32.505Z","enrichments":{},"messageProperties":{},"messageSource":"telemetry","module":null,"schema":"default@v1","telemetry":{"Humidity":34},"templateId":"dtmi:aqwddchu9:acuzxqtwps"}
{"applicationId":"91d34f09-839b-446e-93b5-674baf0a1af6","component":null,"deviceId":"mydht11","enqueuedTime":"2023-04-16T17:30:32.597Z","enrichments":{},"messageProperties":{},"messageSource":"telemetry","module":null,"schema":"default@v1","telemetry":{"Temperature":24.200001},"templateId":"dtmi:aqwddchu9:acuzxqtwps"}
{"applicationId":"91d34f09-839b-446e-93b5-674baf0a1af6","component":null,"deviceId":"mydht11","enqueuedTime":"2023-04-16T17:30:32.660Z","enrichments":{},"messageProperties":{},"messageSource":"telemetry","module":null,"schema":"default@v1","telemetry":{"Humidity":34},"templateId":"dtmi:aqwddchu9:acuzxqtwps"}
{"applicationId":"91d34f09-839b-446e-93b5-674baf0a1af6","component":null,"deviceId":"mydht11","enqueuedTime":"2023-04-16T17:30:32.738Z","enrichments":{},"messageProperties":{},"messageSource":"telemetry","module":null,"schema":"default@v1","telemetry":{"Temperature":24.200001},"templateId":"dtmi:aqwddchu9:acuzxqtwps"}
{"applicationId":"91d34f09-839b-446e-93b5-674baf0a1af6","component":null,"deviceId":"mydht11","enqueuedTime":"2023-04-16T17:30:32.817Z","enrichments":{},"messageProperties":{},"messageSource":"telemetry","module":null,"schema":"default@v1","telemetry":{"Humidity":34},"templateId":"dtmi:aqwddchu9:acuzxqtwps"}
{"applicationId":"91d34f09-839b-446e-93b5-674baf0a1af6","component":null,"deviceId":"mydht11","enqueuedTime":"2023-04-16T17:30:32.895Z","enrichments":{},"messageProperties":{},"messageSource":"telemetry","module":null,"schema":"default@v1","telemetry":{"Temperature":24.200001},"templateId":"dtmi:aqwddchu9:acuzxqtwps"}
{"applicationId":"91d34f09-839b-446e-93b5-674baf0a1af6","component":null,"deviceId":"mydht11","enqueuedTime":"2023-04-16T17:30:32.988Z","enrichments":{},"messageProperties":{},"messageSource":"telemetry","module":null,"schema":"default@v1","telemetry":{"Humidity":34},"templateId":"dtmi:aqwddchu9:acuzxqtwps"}
{"applicationId":"91d34f09-839b-446e-93b5-674baf0a1af6","component":null,"deviceId":"mydht11","enqueuedTime":"2023-04-16T17:30:33.067Z","enrichments":{},"messageProperties":{},"messageSource":"telemetry","module":null,"schema":"default@v1","telemetry":{"Temperature":24.200001},"templateId":"dtmi:aqwddchu9:acuzxqtwps"}
{"applicationId":"91d34f09-839b-446e-93b5-674baf0a1af6","component":null,"deviceId":"mydht11","enqueuedTime":"2023-04-16T17:30:33.145Z","enrichments":{},"messageProperties":{},"messageSource":"telemetry","module":null,"schema":"default@v1","telemetry":{"Humidity":34},"templateId":"dtmi:aqwddchu9:acuzxqtwps"}
{"applicationId":"91d34f09-839b-446e-93b5-674baf0a1af6","component":null,"deviceId":"mydht11","enqueuedTime":"2023-04-16T17:30:33.223Z","enrichments":{},"messageProperties":{},"messageSource":"telemetry","module":null,"schema":"default@v1","telemetry":{"Temperature":24.200001},"templateId":"dtmi:aqwddchu9:acuzxqtwps"}
{"applicationId":"91d34f09-839b-446e-93b5-674baf0a1af6","component":null,"deviceId":"mydht11","enqueuedTime":"2023-04-16T17:30:33.317Z","enrichments":{},"messageProperties":{},"messageSource":"telemetry","module":null,"schema":"default@v1","telemetry":{"Humidity":34},"templateId":"dtmi:aqwddchu9:acuzxqtwps"}
{"applicationId":"91d34f09-839b-446e-93b5-674baf0a1af6","component":null,"deviceId":"mydht11","enqueuedTime":"2023-04-16T17:30:33.395Z","enrichments":{},"messageProperties":{},"messageSource":"telemetry","module":null,"schema":"default@v1","telemetry":{"Temperature":24.200001},"templateId":"dtmi:aqwddchu9:acuzxqtwps"}
{"applicationId":"91d34f09-839b-446e-93b5-674baf0a1af6","component":null,"deviceId":"mydht11","enqueuedTime":"2023-04-16T17:30:33.473Z","enrichments":{},"messageProperties":{},"messageSource":"telemetry","module":null,"schema":"default@v1","telemetry":{"Humidity":34},"templateId":"dtmi:aqwddchu9:acuzxqtwps"}
{"applicationId":"91d34f09-839b-446e-93b5-674baf0a1af6","component":null,"deviceId":"mydht11","enqueuedTime":"2023-04-16T17:30:33.551Z","enrichments":{},"messageProperties":{},"messageSource":"telemetry","module":null,"schema":"default@v1","telemetry":{"Temperature":24.200001},"templateId":"dtmi:aqwddchu9:acuzxqtwps"}
{"applicationId":"91d34f09-839b-446e-93b5-674baf0a1af6","component":null,"deviceId":"mydht11","enqueuedTime":"2023-04-16T17:30:33.629Z","enrichments":{},"messageProperties":{},"messageSource":"telemetry","module":null,"schema":"default@v1","telemetry":{"Humidity":34},"templateId":"dtmi:aqwddchu9:acuzxqtwps"}
{"applicationId":"91d34f09-839b-446e-93b5-674baf0a1af6","component":null,"deviceId":"mydht11","enqueuedTime":"2023-04-16T17:30:33.707Z","enrichments":{},"messageProperties":{},"messageSource":"telemetry","module":null,"schema":"default@v1","telemetry":{"Temperature":24.200001},"templateId":"dtmi:aqwddchu9:acuzxqtwps"}
{"applicationId":"91d34f09-839b-446e-93b5-674baf0a1af6","component":null,"deviceId":"mydht11","enqueuedTime":"2023-04-16T17:30:33.817Z","enrichments":{},"messageProperties":{},"messageSource":"telemetry","module":null,"schema":"default@v1","telemetry":{"Humidity":34},"templateId":"dtmi:aqwddchu9:acuzxqtwps"}
{"applicationId":"91d34f09-839b-446e-93b5-674baf0a1af6","component":null,"deviceId":"mydht11","enqueuedTime":"2023-04-16T17:30:33.879Z","enrichments":{},"messageProperties":{},"messageSource":"telemetry","module":null,"schema":"default@v1","telemetry":{"Temperature":24.200001},"templateId":"dtmi:aqwddchu9:acuzxqtwps"}
{"applicationId":"91d34f09-839b-446e-93b5-674baf0a1af6","component":null,"deviceId":"mydht11","enqueuedTime":"2023-04-16T17:30:33.957Z","enrichments":{},"messageProperties":{},"messageSource":"telemetry","module":null,"schema":"default@v1","telemetry":{"Humidity":34},"templateId":"dtmi:aqwddchu9:acuzxqtwps"}
{"applicationId":"91d34f09-839b-446e-93b5-674baf0a1af6","component":null,"deviceId":"mydht11","enqueuedTime":"2023-04-16T17:30:34.035Z","enrichments":{},"messageProperties":{},"messageSource":"telemetry","module":null,"schema":"default@v1","telemetry":{"Temperature":24.200001},"templateId":"dtmi:aqwddchu9:acuzxqtwps"}
{"applicationId":"91d34f09-839b-446e-93b5-674baf0a1af6","component":null,"deviceId":"mydht11","enqueuedTime":"2023-04-16T17:30:34.113Z","enrichments":{},"messageProperties":{},"messageSource":"telemetry","module":null,"schema":"default@v1","telemetry":{"Humidity":34},"templateId":"dtmi:aqwddchu9:acuzxqtwps"}
{"applicationId":"91d34f09-839b-446e-93b5-674baf0a1af6","component":null,"deviceId":"mydht11","enqueuedTime":"2023-04-16T17:30:34.207Z","enrichments":{},"messageProperties":{},"messageSource":"telemetry","module":null,"schema":"default@v1","telemetry":{"Temperature":24.200001},"templateId":"dtmi:aqwddchu9:acuzxqtwps"}
{"applicationId":"91d34f09-839b-446e-93b5-674baf0a1af6","component":null,"deviceId":"mydht11","enqueuedTime":"2023-04-16T17:30:34.285Z","enrichments":{},"messageProperties":{},"messageSource":"telemetry","module":null,"schema":"default@v1","telemetry":{"Humidity":34},"templateId":"dtmi:aqwddchu9:acuzxqtwps"}
{"applicationId":"91d34f09-839b-446e-93b5-674baf0a1af6","component":null,"deviceId":"mydht11","enqueuedTime":"2023-04-16T17:30:34.363Z","enrichments":{},"messageProperties":{},"messageSource":"telemetry","module":null,"schema":"default@v1","telemetry":{"Temperature":24.200001},"templateId":"dtmi:aqwddchu9:acuzxqtwps"}
{"applicationId":"91d34f09-839b-446e-93b5-674baf0a1af6","component":null,"deviceId":"mydht11","enqueuedTime":"2023-04-16T17:30:34.442Z","enrichments":{},"messageProperties":{},"messageSource":"telemetry","module":null,"schema":"default@v1","telemetry":{"Humidity":34},"templateId":"dtmi:aqwddchu9:acuzxqtwps"}
{"applicationId":"91d34f09-839b-446e-93b5-674baf0a1af6","component":null,"deviceId":"mydht11","enqueuedTime":"2023-04-16T17:30:34.520Z","enrichments":{},"messageProperties":{},"messageSource":"telemetry","module":null,"schema":"default@v1","telemetry":{"Temperature":24.200001},"templateId":"dtmi:aqwddchu9:acuzxqtwps"}
{"applicationId":"91d34f09-839b-446e-93b5-674baf0a1af6","component":null,"deviceId":"mydht11","enqueuedTime":"2023-04-16T17:30:34.613Z","enrichments":{},"messageProperties":{},"messageSource":"telemetry","module":null,"schema":"default@v1","telemetry":{"Humidity":34},"templateId":"dtmi:aqwddchu9:acuzxqtwps"}
{"applicationId":"91d34f09-839b-446e-93b5-674baf0a1af6","component":null,"deviceId":"mydht11","enqueuedTime":"2023-04-16T17:30:34.707Z","enrichments":{},"messageProperties":{},"messageSource":"telemetry","module":null,"schema":"default@v1","telemetry":{"Temperature":24.1},"templateId":"dtmi:aqwddchu9:acuzxqtwps"}
{"applicationId":"91d34f09-839b-446e-93b5-674baf0a1af6","component":null,"deviceId":"mydht11","enqueuedTime":"2023-04-16T17:30:34.770Z","enrichments":{},"messageProperties":{},"messageSource":"telemetry","module":null,"schema":"default@v1","telemetry":{"Humidity":34},"templateId":"dtmi:aqwddchu9:acuzxqtwps"}
{"applicationId":"91d34f09-839b-446e-93b5-674baf0a1af6","component":null,"deviceId":"mydht11","enqueuedTime":"2023-04-16T17:30:34.848Z","enrichments":{},"messageProperties":{},"messageSource":"telemetry","module":null,"schema":"default@v1","telemetry":{"Temperature":24.1},"templateId":"dtmi:aqwddchu9:acuzxqtwps"}
{"applicationId":"91d34f09-839b-446e-93b5-674baf0a1af6","component":null,"deviceId":"mydht11","enqueuedTime":"2023-04-16T17:30:34.942Z","enrichments":{},"messageProperties":{},"messageSource":"telemetry","module":null,"schema":"default@v1","telemetry":{"Humidity":34},"templateId":"dtmi:aqwddchu9:acuzxqtwps"}
{"applicationId":"91d34f09-839b-446e-93b5-674baf0a1af6","component":null,"deviceId":"mydht11","enqueuedTime":"2023-04-16T17:30:35.020Z","enrichments":{},"messageProperties":{},"messageSource":"telemetry","module":null,"schema":"default@v1","telemetry":{"Temperature":24.1},"templateId":"dtmi:aqwddchu9:acuzxqtwps"}
{"applicationId":"91d34f09-839b-446e-93b5-674baf0a1af6","component":null,"deviceId":"mydht11","enqueuedTime":"2023-04-16T17:30:35.098Z","enrichments":{},"messageProperties":{},"messageSource":"telemetry","module":null,"schema":"default@v1","telemetry":{"Humidity":34},"templateId":"dtmi:aqwddchu9:acuzxqtwps"}
{"applicationId":"91d34f09-839b-446e-93b5-674baf0a1af6","component":null,"deviceId":"mydht11","enqueuedTime":"2023-04-16T17:30:35.176Z","enrichments":{},"messageProperties":{},"messageSource":"telemetry","module":null,"schema":"default@v1","telemetry":{"Temperature":24.1},"templateId":"dtmi:aqwddchu9:acuzxqtwps"}
{"applicationId":"91d34f09-839b-446e-93b5-674baf0a1af6","component":null,"deviceId":"mydht11","enqueuedTime":"2023-04-16T17:30:35.254Z","enrichments":{},"messageProperties":{},"messageSource":"telemetry","module":null,"schema":"default@v1","telemetry":{"Humidity":34},"templateId":"dtmi:aqwddchu9:acuzxqtwps"}
{"applicationId":"91d34f09-839b-446e-93b5-674baf0a1af6","component":null,"deviceId":"mydht11","enqueuedTime":"2023-04-16T17:30:35.348Z","enrichments":{},"messageProperties":{},"messageSource":"telemetry","module":null,"schema":"default@v1","telemetry":{"Temperature":24.1},"templateId":"dtmi:aqwddchu9:acuzxqtwps"}
{"applicationId":"91d34f09-839b-446e-93b5-674baf0a1af6","component":null,"deviceId":"mydht11","enqueuedTime":"2023-04-16T17:30:35.426Z","enrichments":{},"messageProperties":{},"messageSource":"telemetry","module":null,"schema":"default@v1","telemetry":{"Humidity":34},"templateId":"dtmi:aqwddchu9:acuzxqtwps"}
{"applicationId":"91d34f09-839b-446e-93b5-674baf0a1af6","component":null,"deviceId":"mydht11","enqueuedTime":"2023-04-16T17:30:35.504Z","enrichments":{},"messageProperties":{},"messageSource":"telemetry","module":null,"schema":"default@v1","telemetry":{"Temperature":24.1},"templateId":"dtmi:aqwddchu9:acuzxqtwps"}
{"applicationId":"91d34f09-839b-446e-93b5-674baf0a1af6","component":null,"deviceId":"mydht11","enqueuedTime":"2023-04-16T17:30:35.582Z","enrichments":{},"messageProperties":{},"messageSource":"telemetry","module":null,"schema":"default@v1","telemetry":{"Humidity":34},"templateId":"dtmi:aqwddchu9:acuzxqtwps"}
{"applicationId":"91d34f09-839b-446e-93b5-674baf0a1af6","component":null,"deviceId":"mydht11","enqueuedTime":"2023-04-16T17:30:35.660Z","enrichments":{},"messageProperties":{},"messageSource":"telemetry","module":null,"schema":"default@v1","telemetry":{"Temperature":24.1},"templateId":"dtmi:aqwddchu9:acuzxqtwps"}
{"applicationId":"91d34f09-839b-446e-93b5-674baf0a1af6","component":null,"deviceId":"mydht11","enqueuedTime":"2023-04-16T17:30:35.879Z","enrichments":{},"messageProperties":{},"messageSource":"telemetry","module":null,"schema":"default@v1","telemetry":{"Humidity":34},"templateId":"dtmi:aqwddchu9:acuzxqtwps"}
{"applicationId":"91d34f09-839b-446e-93b5-674baf0a1af6","component":null,"deviceId":"mydht11","enqueuedTime":"2023-04-16T17:30:35.895Z","enrichments":{},"messageProperties":{},"messageSource":"telemetry","module":null,"schema":"default@v1","telemetry":{"Temperature":24.1},"templateId":"dtmi:aqwddchu9:acuzxqtwps"}
{"applicationId":"91d34f09-839b-446e-93b5-674baf0a1af6","component":null,"deviceId":"mydht11","enqueuedTime":"2023-04-16T17:30:35.910Z","enrichments":{},"messageProperties":{},"messageSource":"telemetry","module":null,"schema":"default@v1","telemetry":{"Humidity":34},"templateId":"dtmi:aqwddchu9:acuzxqtwps"}
{"applicationId":"91d34f09-839b-446e-93b5-674baf0a1af6","component":null,"deviceId":"mydht11","enqueuedTime":"2023-04-16T17:30:35.989Z","enrichments":{},"messageProperties":{},"messageSource":"telemetry","module":null,"schema":"default@v1","telemetry":{"Temperature":24.1},"templateId":"dtmi:aqwddchu9:acuzxqtwps"}
{"applicationId":"91d34f09-839b-446e-93b5-674baf0a1af6","component":null,"deviceId":"mydht11","enqueuedTime":"2023-04-16T17:30:36.067Z","enrichments":{},"messageProperties":{},"messageSource":"telemetry","module":null,"schema":"default@v1","telemetry":{"Humidity":34},"templateId":"dtmi:aqwddchu9:acuzxqtwps"}
{"applicationId":"91d34f09-839b-446e-93b5-674baf0a1af6","component":null,"deviceId":"mydht11","enqueuedTime":"2023-04-16T17:30:36.145Z","enrichments":{},"messageProperties":{},"messageSource":"telemetry","module":null,"schema":"default@v1","telemetry":{"Temperature":24.1},"templateId":"dtmi:aqwddchu9:acuzxqtwps"}
{"applicationId":"91d34f09-839b-446e-93b5-674baf0a1af6","component":null,"deviceId":"mydht11","enqueuedTime":"2023-04-16T17:30:36.239Z","enrichments":{},"messageProperties":{},"messageSource":"telemetry","module":null,"schema":"default@v1","telemetry":{"Humidity":34},"templateId":"dtmi:aqwddchu9:acuzxqtwps"}
{"applicationId":"91d34f09-839b-446e-93b5-674baf0a1af6","component":null,"deviceId":"mydht11","enqueuedTime":"2023-04-16T17:30:36.317Z","enrichments":{},"messageProperties":{},"messageSource":"telemetry","module":null,"schema":"default@v1","telemetry":{"Temperature":24.1},"templateId":"dtmi:aqwddchu9:acuzxqtwps"}
{"applicationId":"91d34f09-839b-446e-93b5-674baf0a1af6","component":null,"deviceId":"mydht11","enqueuedTime":"2023-04-16T17:30:36.395Z","enrichments":{},"messageProperties":{},"messageSource":"telemetry","module":null,"schema":"default@v1","telemetry":{"Humidity":34},"templateId":"dtmi:aqwddchu9:acuzxqtwps"}
{"applicationId":"91d34f09-839b-446e-93b5-674baf0a1af6","component":null,"deviceId":"mydht11","enqueuedTime":"2023-04-16T17:30:36.473Z","enrichments":{},"messageProperties":{},"messageSource":"telemetry","module":null,"schema":"default@v1","telemetry":{"Temperature":24.1},"templateId":"dtmi:aqwddchu9:acuzxqtwps"}
{"applicationId":"91d34f09-839b-446e-93b5-674baf0a1af6","component":null,"deviceId":"mydht11","enqueuedTime":"2023-04-16T17:30:36.551Z","enrichments":{},"messageProperties":{},"messageSource":"telemetry","module":null,"schema":"default@v1","telemetry":{"Humidity":34},"templateId":"dtmi:aqwddchu9:acuzxqtwps"}
{"applicationId":"91d34f09-839b-446e-93b5-674baf0a1af6","component":null,"deviceId":"mydht11","enqueuedTime":"2023-04-16T17:30:36.645Z","enrichments":{},"messageProperties":{},"messageSource":"telemetry","module":null,"schema":"default@v1","telemetry":{"Temperature":24.1},"templateId":"dtmi:aqwddchu9:acuzxqtwps"}
{"applicationId":"91d34f09-839b-446e-93b5-674baf0a1af6","component":null,"deviceId":"mydht11","enqueuedTime":"2023-04-16T17:30:36.723Z","enrichments":{},"messageProperties":{},"messageSource":"telemetry","module":null,"schema":"default@v1","telemetry":{"Humidity":34},"templateId":"dtmi:aqwddchu9:acuzxqtwps"}
{"applicationId":"91d34f09-839b-446e-93b5-674baf0a1af6","component":null,"deviceId":"mydht11","enqueuedTime":"2023-04-16T17:30:36.832Z","enrichments":{},"messageProperties":{},"messageSource":"telemetry","module":null,"schema":"default@v1","telemetry":{"Temperature":24.1},"templateId":"dtmi:aqwddchu9:acuzxqtwps"}
{"applicationId":"91d34f09-839b-446e-93b5-674baf0a1af6","component":null,"deviceId":"mydht11","enqueuedTime":"2023-04-16T17:30:36.879Z","enrichments":{},"messageProperties":{},"messageSource":"telemetry","module":null,"schema":"default@v1","telemetry":{"Humidity":34},"templateId":"dtmi:aqwddchu9:acuzxqtwps"}
{"applicationId":"91d34f09-839b-446e-93b5-674baf0a1af6","component":null,"deviceId":"mydht11","enqueuedTime":"2023-04-16T17:30:36.957Z","enrichments":{},"messageProperties":{},"messageSource":"telemetry","module":null,"schema":"default@v1","telemetry":{"Temperature":24.1},"templateId":"dtmi:aqwddchu9:acuzxqtwps"}
{"applicationId":"91d34f09-839b-446e-93b5-674baf0a1af6","component":null,"deviceId":"mydht11","enqueuedTime":"2023-04-16T17:30:37.051Z","enrichments":{},"messageProperties":{},"messageSource":"telemetry","module":null,"schema":"default@v1","telemetry":{"Humidity":34},"templateId":"dtmi:aqwddchu9:acuzxqtwps"}
{"applicationId":"91d34f09-839b-446e-93b5-674baf0a1af6","component":null,"deviceId":"mydht11","enqueuedTime":"2023-04-16T17:30:37.129Z","enrichments":{},"messageProperties":{},"messageSource":"telemetry","module":null,"schema":"default@v1","telemetry":{"Temperature":24.1},"templateId":"dtmi:aqwddchu9:acuzxqtwps"}
{"applicationId":"91d34f09-839b-446e-93b5-674baf0a1af6","component":null,"deviceId":"mydht11","enqueuedTime":"2023-04-16T17:30:37.207Z","enrichments":{},"messageProperties":{},"messageSource":"telemetry","module":null,"schema":"default@v1","telemetry":{"Humidity":34},"templateId":"dtmi:aqwddchu9:acuzxqtwps"}
{"applicationId":"91d34f09-839b-446e-93b5-674baf0a1af6","component":null,"deviceId":"mydht11","enqueuedTime":"2023-04-16T17:30:37.285Z","enrichments":{},"messageProperties":{},"messageSource":"telemetry","module":null,"schema":"default@v1","telemetry":{"Temperature":24.1},"templateId":"dtmi:aqwddchu9:acuzxqtwps"}
{"applicationId":"91d34f09-839b-446e-93b5-674baf0a1af6","component":null,"deviceId":"mydht11","enqueuedTime":"2023-04-16T17:30:37.379Z","enrichments":{},"messageProperties":{},"messageSource":"telemetry","module":null,"schema":"default@v1","telemetry":{"Humidity":34},"templateId":"dtmi:aqwddchu9:acuzxqtwps"}
{"applicationId":"91d34f09-839b-446e-93b5-674baf0a1af6","component":null,"deviceId":"mydht11","enqueuedTime":"2023-04-16T17:30:37.457Z","enrichments":{},"messageProperties":{},"messageSource":"telemetry","module":null,"schema":"default@v1","telemetry":{"Temperature":24.1},"templateId":"dtmi:aqwddchu9:acuzxqtwps"}
{"applicationId":"91d34f09-839b-446e-93b5-674baf0a1af6","component":null,"deviceId":"mydht11","enqueuedTime":"2023-04-16T17:30:37.535Z","enrichments":{},"messageProperties":{},"messageSource":"telemetry","module":null,"schema":"default@v1","telemetry":{"Humidity":34},"templateId":"dtmi:aqwddchu9:acuzxqtwps"}
{"applicationId":"91d34f09-839b-446e-93b5-674baf0a1af6","component":null,"deviceId":"mydht11","enqueuedTime":"2023-04-16T17:30:37.614Z","enrichments":{},"messageProperties":{},"messageSource":"telemetry","module":null,"schema":"default@v1","telemetry":{"Temperature":24.1},"templateId":"dtmi:aqwddchu9:acuzxqtwps"}
{"applicationId":"91d34f09-839b-446e-93b5-674baf0a1af6","component":null,"deviceId":"mydht11","enqueuedTime":"2023-04-16T17:30:37.692Z","enrichments":{},"messageProperties":{},"messageSource":"telemetry","module":null,"schema":"default@v1","telemetry":{"Humidity":34},"templateId":"dtmi:aqwddchu9:acuzxqtwps"}
{"applicationId":"91d34f09-839b-446e-93b5-674baf0a1af6","component":null,"deviceId":"mydht11","enqueuedTime":"2023-04-16T17:30:37.770Z","enrichments":{},"messageProperties":{},"messageSource":"telemetry","module":null,"schema":"default@v1","telemetry":{"Temperature":24.1},"templateId":"dtmi:aqwddchu9:acuzxqtwps"}
{"applicationId":"91d34f09-839b-446e-93b5-674baf0a1af6","component":null,"deviceId":"mydht11","enqueuedTime":"2023-04-16T17:30:37.864Z","enrichments":{},"messageProperties":{},"messageSource":"telemetry","module":null,"schema":"default@v1","telemetry":{"Humidity":34},"templateId":"dtmi:aqwddchu9:acuzxqtwps"}
{"applicationId":"91d34f09-839b-446e-93b5-674baf0a1af6","component":null,"deviceId":"mydht11","enqueuedTime":"2023-04-16T17:30:37.942Z","enrichments":{},"messageProperties":{},"messageSource":"telemetry","module":null,"schema":"default@v1","telemetry":{"Temperature":24.1},"templateId":"dtmi:aqwddchu9:acuzxqtwps"}
{"applicationId":"91d34f09-839b-446e-93b5-674baf0a1af6","component":null,"deviceId":"mydht11","enqueuedTime":"2023-04-16T17:30:38.020Z","enrichments":{},"messageProperties":{},"messageSource":"telemetry","module":null,"schema":"default@v1","telemetry":{"Humidity":34},"templateId":"dtmi:aqwddchu9:acuzxqtwps"}
{"applicationId":"91d34f09-839b-446e-93b5-674baf0a1af6","component":null,"deviceId":"mydht11","enqueuedTime":"2023-04-16T17:30:38.098Z","enrichments":{},"messageProperties":{},"messageSource":"telemetry","module":null,"schema":"default@v1","telemetry":{"Temperature":24.1},"templateId":"dtmi:aqwddchu9:acuzxqtwps"}
{"applicationId":"91d34f09-839b-446e-93b5-674baf0a1af6","component":null,"deviceId":"mydht11","enqueuedTime":"2023-04-16T17:30:38.176Z","enrichments":{},"messageProperties":{},"messageSource":"telemetry","module":null,"schema":"default@v1","telemetry":{"Humidity":34},"templateId":"dtmi:aqwddchu9:acuzxqtwps"}
{"applicationId":"91d34f09-839b-446e-93b5-674baf0a1af6","component":null,"deviceId":"mydht11","enqueuedTime":"2023-04-16T17:30:38.270Z","enrichments":{},"messageProperties":{},"messageSource":"telemetry","module":null,"schema":"default@v1","telemetry":{"Temperature":24.1},"templateId":"dtmi:aqwddchu9:acuzxqtwps"}
{"applicationId":"91d34f09-839b-446e-93b5-674baf0a1af6","component":null,"deviceId":"mydht11","enqueuedTime":"2023-04-16T17:30:38.348Z","enrichments":{},"messageProperties":{},"messageSource":"telemetry","module":null,"schema":"default@v1","telemetry":{"Humidity":34},"templateId":"dtmi:aqwddchu9:acuzxqtwps"}
{"applicationId":"91d34f09-839b-446e-93b5-674baf0a1af6","component":null,"deviceId":"mydht11","enqueuedTime":"2023-04-16T17:30:38.426Z","enrichments":{},"messageProperties":{},"messageSource":"telemetry","module":null,"schema":"default@v1","telemetry":{"Temperature":24.1},"templateId":"dtmi:aqwddchu9:acuzxqtwps"}
{"applicationId":"91d34f09-839b-446e-93b5-674baf0a1af6","component":null,"deviceId":"mydht11","enqueuedTime":"2023-04-16T17:30:38.504Z","enrichments":{},"messageProperties":{},"messageSource":"telemetry","module":null,"schema":"default@v1","telemetry":{"Humidity":34},"templateId":"dtmi:aqwddchu9:acuzxqtwps"}
{"applicationId":"91d34f09-839b-446e-93b5-674baf0a1af6","component":null,"deviceId":"mydht11","enqueuedTime":"2023-04-16T17:30:38.582Z","enrichments":{},"messageProperties":{},"messageSource":"telemetry","module":null,"schema":"default@v1","telemetry":{"Temperature":24.1},"templateId":"dtmi:aqwddchu9:acuzxqtwps"}
{"applicationId":"91d34f09-839b-446e-93b5-674baf0a1af6","component":null,"deviceId":"mydht11","enqueuedTime":"2023-04-16T17:30:38.676Z","enrichments":{},"messageProperties":{},"messageSource":"telemetry","module":null,"schema":"default@v1","telemetry":{"Humidity":34},"templateId":"dtmi:aqwddchu9:acuzxqtwps"}
{"applicationId":"91d34f09-839b-446e-93b5-674baf0a1af6","component":null,"deviceId":"mydht11","enqueuedTime":"2023-04-16T17:30:38.754Z","enrichments":{},"messageProperties":{},"messageSource":"telemetry","module":null,"schema":"default@v1","telemetry":{"Temperature":24.1},"templateId":"dtmi:aqwddchu9:acuzxqtwps"}
{"applicationId":"91d34f09-839b-446e-93b5-674baf0a1af6","component":null,"deviceId":"mydht11","enqueuedTime":"2023-04-16T17:30:38.832Z","enrichments":{},"messageProperties":{},"messageSource":"telemetry","module":null,"schema":"default@v1","telemetry":{"Humidity":34},"templateId":"dtmi:aqwddchu9:acuzxqtwps"}
{"applicationId":"91d34f09-839b-446e-93b5-674baf0a1af6","component":null,"deviceId":"mydht11","enqueuedTime":"2023-04-16T17:30:38.942Z","enrichments":{},"messageProperties":{},"messageSource":"telemetry","module":null,"schema":"default@v1","telemetry":{"Temperature":24.200001},"templateId":"dtmi:aqwddchu9:acuzxqtwps"}
{"applicationId":"91d34f09-839b-446e-93b5-674baf0a1af6","component":null,"deviceId":"mydht11","enqueuedTime":"2023-04-16T17:30:39.004Z","enrichments":{},"messageProperties":{},"messageSource":"telemetry","module":null,"schema":"default@v1","telemetry":{"Humidity":34},"templateId":"dtmi:aqwddchu9:acuzxqtwps"}
{"applicationId":"91d34f09-839b-446e-93b5-674baf0a1af6","component":null,"deviceId":"mydht11","enqueuedTime":"2023-04-16T17:30:39.082Z","enrichments":{},"messageProperties":{},"messageSource":"telemetry","module":null,"schema":"default@v1","telemetry":{"Temperature":24.200001},"templateId":"dtmi:aqwddchu9:acuzxqtwps"}
{"applicationId":"91d34f09-839b-446e-93b5-674baf0a1af6","component":null,"deviceId":"mydht11","enqueuedTime":"2023-04-16T17:30:39.160Z","enrichments":{},"messageProperties":{},"messageSource":"telemetry","module":null,"schema":"default@v1","telemetry":{"Humidity":34},"templateId":"dtmi:aqwddchu9:acuzxqtwps"}
{"applicationId":"91d34f09-839b-446e-93b5-674baf0a1af6","component":null,"deviceId":"mydht11","enqueuedTime":"2023-04-16T17:30:39.239Z","enrichments":{},"messageProperties":{},"messageSource":"telemetry","module":null,"schema":"default@v1","telemetry":{"Temperature":24.200001},"templateId":"dtmi:aqwddchu9:acuzxqtwps"}
{"applicationId":"91d34f09-839b-446e-93b5-674baf0a1af6","component":null,"deviceId":"mydht11","enqueuedTime":"2023-04-16T17:30:39.317Z","enrichments":{},"messageProperties":{},"messageSource":"telemetry","module":null,"schema":"default@v1","telemetry":{"Humidity":34},"templateId":"dtmi:aqwddchu9:acuzxqtwps"}
{"applicationId":"91d34f09-839b-446e-93b5-674baf0a1af6","component":null,"deviceId":"mydht11","enqueuedTime":"2023-04-16T17:30:39.395Z","enrichments":{},"messageProperties":{},"messageSource":"telemetry","module":null,"schema":"default@v1","telemetry":{"Temperature":24.200001},"templateId":"dtmi:aqwddchu9:acuzxqtwps"}
{"applicationId":"91d34f09-839b-446e-93b5-674baf0a1af6","component":null,"deviceId":"mydht11","enqueuedTime":"2023-04-16T17:30:39.489Z","enrichments":{},"messageProperties":{},"messageSource":"telemetry","module":null,"schema":"default@v1","telemetry":{"Humidity":34},"templateId":"dtmi:aqwddchu9:acuzxqtwps"}
{"applicationId":"91d34f09-839b-446e-93b5-674baf0a1af6","component":null,"deviceId":"mydht11","enqueuedTime":"2023-04-16T17:30:39.567Z","enrichments":{},"messageProperties":{},"messageSource":"telemetry","module":null,"schema":"default@v1","telemetry":{"Temperature":24.200001},"templateId":"dtmi:aqwddchu9:acuzxqtwps"}
{"applicationId":"91d34f09-839b-446e-93b5-674baf0a1af6","component":null,"deviceId":"mydht11","enqueuedTime":"2023-04-16T17:30:39.645Z","enrichments":{},"messageProperties":{},"messageSource":"telemetry","module":null,"schema":"default@v1","telemetry":{"Humidity":34},"templateId":"dtmi:aqwddchu9:acuzxqtwps"}
{"applicationId":"91d34f09-839b-446e-93b5-674baf0a1af6","component":null,"deviceId":"mydht11","enqueuedTime":"2023-04-16T17:30:39.723Z","enrichments":{},"messageProperties":{},"messageSource":"telemetry","module":null,"schema":"default@v1","telemetry":{"Temperature":24.200001},"templateId":"dtmi:aqwddchu9:acuzxqtwps"}
{"applicationId":"91d34f09-839b-446e-93b5-674baf0a1af6","component":null,"deviceId":"mydht11","enqueuedTime":"2023-04-16T17:30:39.817Z","enrichments":{},"messageProperties":{},"messageSource":"telemetry","module":null,"schema":"default@v1","telemetry":{"Humidity":34},"templateId":"dtmi:aqwddchu9:acuzxqtwps"}
{"applicationId":"91d34f09-839b-446e-93b5-674baf0a1af6","component":null,"deviceId":"mydht11","enqueuedTime":"2023-04-16T17:30:39.895Z","enrichments":{},"messageProperties":{},"messageSource":"telemetry","module":null,"schema":"default@v1","telemetry":{"Temperature":24.200001},"templateId":"dtmi:aqwddchu9:acuzxqtwps"}
{"applicationId":"91d34f09-839b-446e-93b5-674baf0a1af6","component":null,"deviceId":"mydht11","enqueuedTime":"2023-04-16T17:30:39.973Z","enrichments":{},"messageProperties":{},"messageSource":"telemetry","module":null,"schema":"default@v1","telemetry":{"Humidity":34},"templateId":"dtmi:aqwddchu9:acuzxqtwps"}
{"applicationId":"91d34f09-839b-446e-93b5-674baf0a1af6","component":null,"deviceId":"mydht11","enqueuedTime":"2023-04-16T17:30:40.051Z","enrichments":{},"messageProperties":{},"messageSource":"telemetry","module":null,"schema":"default@v1","telemetry":{"Temperature":24.200001},"templateId":"dtmi:aqwddchu9:acuzxqtwps"}
{"applicationId":"91d34f09-839b-446e-93b5-674baf0a1af6","component":null,"deviceId":"mydht11","enqueuedTime":"2023-04-16T17:30:40.129Z","enrichments":{},"messageProperties":{},"messageSource":"telemetry","module":null,"schema":"default@v1","telemetry":{"Humidity":34},"templateId":"dtmi:aqwddchu9:acuzxqtwps"}
{"applicationId":"91d34f09-839b-446e-93b5-674baf0a1af6","component":null,"deviceId":"mydht11","enqueuedTime":"2023-04-16T17:30:40.207Z","enrichments":{},"messageProperties":{},"messageSource":"telemetry","module":null,"schema":"default@v1","telemetry":{"Temperature":24.200001},"templateId":"dtmi:aqwddchu9:acuzxqtwps"}
{"applicationId":"91d34f09-839b-446e-93b5-674baf0a1af6","component":null,"deviceId":"mydht11","enqueuedTime":"2023-04-16T17:30:40.301Z","enrichments":{},"messageProperties":{},"messageSource":"telemetry","module":null,"schema":"default@v1","telemetry":{"Humidity":34},"templateId":"dtmi:aqwddchu9:acuzxqtwps"}
{"applicationId":"91d34f09-839b-446e-93b5-674baf0a1af6","component":null,"deviceId":"mydht11","enqueuedTime":"2023-04-16T17:30:40.379Z","enrichments":{},"messageProperties":{},"messageSource":"telemetry","module":null,"schema":"default@v1","telemetry":{"Temperature":24.200001},"templateId":"dtmi:aqwddchu9:acuzxqtwps"}
{"applicationId":"91d34f09-839b-446e-93b5-674baf0a1af6","component":null,"deviceId":"mydht11","enqueuedTime":"2023-04-16T17:30:40.458Z","enrichments":{},"messageProperties":{},"messageSource":"telemetry","module":null,"schema":"default@v1","telemetry":{"Humidity":34},"templateId":"dtmi:aqwddchu9:acuzxqtwps"}
{"applicationId":"91d34f09-839b-446e-93b5-674baf0a1af6","component":null,"deviceId":"mydht11","enqueuedTime":"2023-04-16T17:30:40.535Z","enrichments":{},"messageProperties":{},"messageSource":"telemetry","module":null,"schema":"default@v1","telemetry":{"Temperature":24.200001},"templateId":"dtmi:aqwddchu9:acuzxqtwps"}
{"applicationId":"91d34f09-839b-446e-93b5-674baf0a1af6","component":null,"deviceId":"mydht11","enqueuedTime":"2023-04-16T17:30:40.629Z","enrichments":{},"messageProperties":{},"messageSource":"telemetry","module":null,"schema":"default@v1","telemetry":{"Humidity":34},"templateId":"dtmi:aqwddchu9:acuzxqtwps"}
{"applicationId":"91d34f09-839b-446e-93b5-674baf0a1af6","component":null,"deviceId":"mydht11","enqueuedTime":"2023-04-16T17:30:40.707Z","enrichments":{},"messageProperties":{},"messageSource":"telemetry","module":null,"schema":"default@v1","telemetry":{"Temperature":24.200001},"templateId":"dtmi:aqwddchu9:acuzxqtwps"}
{"applicationId":"91d34f09-839b-446e-93b5-674baf0a1af6","component":null,"deviceId":"mydht11","enqueuedTime":"2023-04-16T17:30:40.785Z","enrichments":{},"messageProperties":{},"messageSource":"telemetry","module":null,"schema":"default@v1","telemetry":{"Humidity":34},"templateId":"dtmi:aqwddchu9:acuzxqtwps"}
{"applicationId":"91d34f09-839b-446e-93b5-674baf0a1af6","component":null,"deviceId":"mydht11","enqueuedTime":"2023-04-16T17:30:40.895Z","enrichments":{},"messageProperties":{},"messageSource":"telemetry","module":null,"schema":"default@v1","telemetry":{"Temperature":24.200001},"templateId":"dtmi:aqwddchu9:acuzxqtwps"}
{"applicationId":"91d34f09-839b-446e-93b5-674baf0a1af6","component":null,"deviceId":"mydht11","enqueuedTime":"2023-04-16T17:30:40.942Z","enrichments":{},"messageProperties":{},"messageSource":"telemetry","module":null,"schema":"default@v1","telemetry":{"Humidity":34},"templateId":"dtmi:aqwddchu9:acuzxqtwps"}
{"applicationId":"91d34f09-839b-446e-93b5-674baf0a1af6","component":null,"deviceId":"mydht11","enqueuedTime":"2023-04-16T17:30:41.051Z","enrichments":{},"messageProperties":{},"messageSource":"telemetry","module":null,"schema":"default@v1","telemetry":{"Temperature":24.200001},"templateId":"dtmi:aqwddchu9:acuzxqtwps"}
{"applicationId":"91d34f09-839b-446e-93b5-674baf0a1af6","component":null,"deviceId":"mydht11","enqueuedTime":"2023-04-16T17:30:41.114Z","enrichments":{},"messageProperties":{},"messageSource":"telemetry","module":null,"schema":"default@v1","telemetry":{"Humidity":34},"templateId":"dtmi:aqwddchu9:acuzxqtwps"}
{"applicationId":"91d34f09-839b-446e-93b5-674baf0a1af6","component":null,"deviceId":"mydht11","enqueuedTime":"2023-04-16T17:30:41.192Z","enrichments":{},"messageProperties":{},"messageSource":"telemetry","module":null,"schema":"default@v1","telemetry":{"Temperature":24.200001},"templateId":"dtmi:aqwddchu9:acuzxqtwps"}
{"applicationId":"91d34f09-839b-446e-93b5-674baf0a1af6","component":null,"deviceId":"mydht11","enqueuedTime":"2023-04-16T17:30:41.270Z","enrichments":{},"messageProperties":{},"messageSource":"telemetry","module":null,"schema":"default@v1","telemetry":{"Humidity":34},"templateId":"dtmi:aqwddchu9:acuzxqtwps"}
{"applicationId":"91d34f09-839b-446e-93b5-674baf0a1af6","component":null,"deviceId":"mydht11","enqueuedTime":"2023-04-16T17:30:41.348Z","enrichments":{},"messageProperties":{},"messageSource":"telemetry","module":null,"schema":"default@v1","telemetry":{"Temperature":24.200001},"templateId":"dtmi:aqwddchu9:acuzxqtwps"}
{"applicationId":"91d34f09-839b-446e-93b5-674baf0a1af6","component":null,"deviceId":"mydht11","enqueuedTime":"2023-04-16T17:30:41.442Z","enrichments":{},"messageProperties":{},"messageSource":"telemetry","module":null,"schema":"default@v1","telemetry":{"Humidity":34},"templateId":"dtmi:aqwddchu9:acuzxqtwps"}
{"applicationId":"91d34f09-839b-446e-93b5-674baf0a1af6","component":null,"deviceId":"mydht11","enqueuedTime":"2023-04-16T17:30:41.520Z","enrichments":{},"messageProperties":{},"messageSource":"telemetry","module":null,"schema":"default@v1","telemetry":{"Temperature":24.200001},"templateId":"dtmi:aqwddchu9:acuzxqtwps"}
{"applicationId":"91d34f09-839b-446e-93b5-674baf0a1af6","component":null,"deviceId":"mydht11","enqueuedTime":"2023-04-16T17:30:41.598Z","enrichments":{},"messageProperties":{},"messageSource":"telemetry","module":null,"schema":"default@v1","telemetry":{"Humidity":34},"templateId":"dtmi:aqwddchu9:acuzxqtwps"}
{"applicationId":"91d34f09-839b-446e-93b5-674baf0a1af6","component":null,"deviceId":"mydht11","enqueuedTime":"2023-04-16T17:30:41.676Z","enrichments":{},"messageProperties":{},"messageSource":"telemetry","module":null,"schema":"default@v1","telemetry":{"Temperature":24.200001},"templateId":"dtmi:aqwddchu9:acuzxqtwps"}
{"applicationId":"91d34f09-839b-446e-93b5-674baf0a1af6","component":null,"deviceId":"mydht11","enqueuedTime":"2023-04-16T17:30:41.770Z","enrichments":{},"messageProperties":{},"messageSource":"telemetry","module":null,"schema":"default@v1","telemetry":{"Humidity":34},"templateId":"dtmi:aqwddchu9:acuzxqtwps"}
{"applicationId":"91d34f09-839b-446e-93b5-674baf0a1af6","component":null,"deviceId":"mydht11","enqueuedTime":"2023-04-16T17:30:41.848Z","enrichments":{},"messageProperties":{},"messageSource":"telemetry","module":null,"schema":"default@v1","telemetry":{"Temperature":24.200001},"templateId":"dtmi:aqwddchu9:acuzxqtwps"}
{"applicationId":"91d34f09-839b-446e-93b5-674baf0a1af6","component":null,"deviceId":"mydht11","enqueuedTime":"2023-04-16T17:30:41.926Z","enrichments":{},"messageProperties":{},"messageSource":"telemetry","module":null,"schema":"default@v1","telemetry":{"Humidity":34},"templateId":"dtmi:aqwddchu9:acuzxqtwps"}
{"applicationId":"91d34f09-839b-446e-93b5-674baf0a1af6","component":null,"deviceId":"mydht11","enqueuedTime":"2023-04-16T17:30:42.004Z","enrichments":{},"messageProperties":{},"messageSource":"telemetry","module":null,"schema":"default@v1","telemetry":{"Temperature":24.200001},"templateId":"dtmi:aqwddchu9:acuzxqtwps"}
{"applicationId":"91d34f09-839b-446e-93b5-674baf0a1af6","component":null,"deviceId":"mydht11","enqueuedTime":"2023-04-16T17:30:42.082Z","enrichments":{},"messageProperties":{},"messageSource":"telemetry","module":null,"schema":"default@v1","telemetry":{"Humidity":34},"templateId":"dtmi:aqwddchu9:acuzxqtwps"}
{"applicationId":"91d34f09-839b-446e-93b5-674baf0a1af6","component":null,"deviceId":"mydht11","enqueuedTime":"2023-04-16T17:30:42.160Z","enrichments":{},"messageProperties":{},"messageSource":"telemetry","module":null,"schema":"default@v1","telemetry":{"Temperature":24.200001},"templateId":"dtmi:aqwddchu9:acuzxqtwps"}
{"applicationId":"91d34f09-839b-446e-93b5-674baf0a1af6","component":null,"deviceId":"mydht11","enqueuedTime":"2023-04-16T17:30:42.254Z","enrichments":{},"messageProperties":{},"messageSource":"telemetry","module":null,"schema":"default@v1","telemetry":{"Humidity":34},"templateId":"dtmi:aqwddchu9:acuzxqtwps"}
{"applicationId":"91d34f09-839b-446e-93b5-674baf0a1af6","component":null,"deviceId":"mydht11","enqueuedTime":"2023-04-16T17:30:42.333Z","enrichments":{},"messageProperties":{},"messageSource":"telemetry","module":null,"schema":"default@v1","telemetry":{"Temperature":24.200001},"templateId":"dtmi:aqwddchu9:acuzxqtwps"}
{"applicationId":"91d34f09-839b-446e-93b5-674baf0a1af6","component":null,"deviceId":"mydht11","enqueuedTime":"2023-04-16T17:30:42.411Z","enrichments":{},"messageProperties":{},"messageSource":"telemetry","module":null,"schema":"default@v1","telemetry":{"Humidity":34},"templateId":"dtmi:aqwddchu9:acuzxqtwps"}
{"applicationId":"91d34f09-839b-446e-93b5-674baf0a1af6","component":null,"deviceId":"mydht11","enqueuedTime":"2023-04-16T17:30:42.489Z","enrichments":{},"messageProperties":{},"messageSource":"telemetry","module":null,"schema":"default@v1","telemetry":{"Temperature":24.200001},"templateId":"dtmi:aqwddchu9:acuzxqtwps"}
{"applicationId":"91d34f09-839b-446e-93b5-674baf0a1af6","component":null,"deviceId":"mydht11","enqueuedTime":"2023-04-16T17:30:42.567Z","enrichments":{},"messageProperties":{},"messageSource":"telemetry","module":null,"schema":"default@v1","telemetry":{"Humidity":34},"templateId":"dtmi:aqwddchu9:acuzxqtwps"}
{"applicationId":"91d34f09-839b-446e-93b5-674baf0a1af6","component":null,"deviceId":"mydht11","enqueuedTime":"2023-04-16T17:30:42.645Z","enrichments":{},"messageProperties":{},"messageSource":"telemetry","module":null,"schema":"default@v1","telemetry":{"Temperature":24.200001},"templateId":"dtmi:aqwddchu9:acuzxqtwps"}
{"applicationId":"91d34f09-839b-446e-93b5-674baf0a1af6","component":null,"deviceId":"mydht11","enqueuedTime":"2023-04-16T17:30:42.739Z","enrichments":{},"messageProperties":{},"messageSource":"telemetry","module":null,"schema":"default@v1","telemetry":{"Humidity":34},"templateId":"dtmi:aqwddchu9:acuzxqtwps"}
{"applicationId":"91d34f09-839b-446e-93b5-674baf0a1af6","component":null,"deviceId":"mydht11","enqueuedTime":"2023-04-16T17:30:42.817Z","enrichments":{},"messageProperties":{},"messageSource":"telemetry","module":null,"schema":"default@v1","telemetry":{"Temperature":24.200001},"templateId":"dtmi:aqwddchu9:acuzxqtwps"}
{"applicationId":"91d34f09-839b-446e-93b5-674baf0a1af6","component":null,"deviceId":"mydht11","enqueuedTime":"2023-04-16T17:30:42.895Z","enrichments":{},"messageProperties":{},"messageSource":"telemetry","module":null,"schema":"default@v1","telemetry":{"Humidity":34},"templateId":"dtmi:aqwddchu9:acuzxqtwps"}
{"applicationId":"91d34f09-839b-446e-93b5-674baf0a1af6","component":null,"deviceId":"mydht11","enqueuedTime":"2023-04-16T17:30:42.974Z","enrichments":{},"messageProperties":{},"messageSource":"telemetry","module":null,"schema":"default@v1","telemetry":{"Temperature":24.200001},"templateId":"dtmi:aqwddchu9:acuzxqtwps"}
{"applicationId":"91d34f09-839b-446e-93b5-674baf0a1af6","component":null,"deviceId":"mydht11","enqueuedTime":"2023-04-16T17:30:43.052Z","enrichments":{},"messageProperties":{},"messageSource":"telemetry","module":null,"schema":"default@v1","telemetry":{"Humidity":34},"templateId":"dtmi:aqwddchu9:acuzxqtwps"}
{"applicationId":"91d34f09-839b-446e-93b5-674baf0a1af6","component":null,"deviceId":"mydht11","enqueuedTime":"2023-04-16T17:30:43.161Z","enrichments":{},"messageProperties":{},"messageSource":"telemetry","module":null,"schema":"default@v1","telemetry":{"Temperature":24.200001},"templateId":"dtmi:aqwddchu9:acuzxqtwps"}
{"applicationId":"91d34f09-839b-446e-93b5-674baf0a1af6","component":null,"deviceId":"mydht11","enqueuedTime":"2023-04-16T17:30:43.224Z","enrichments":{},"messageProperties":{},"messageSource":"telemetry","module":null,"schema":"default@v1","telemetry":{"Humidity":34},"templateId":"dtmi:aqwddchu9:acuzxqtwps"}
{"applicationId":"91d34f09-839b-446e-93b5-674baf0a1af6","component":null,"deviceId":"mydht11","enqueuedTime":"2023-04-16T17:30:43.302Z","enrichments":{},"messageProperties":{},"messageSource":"telemetry","module":null,"schema":"default@v1","telemetry":{"Temperature":24.200001},"templateId":"dtmi:aqwddchu9:acuzxqtwps"}
{"applicationId":"91d34f09-839b-446e-93b5-674baf0a1af6","component":null,"deviceId":"mydht11","enqueuedTime":"2023-04-16T17:30:43.380Z","enrichments":{},"messageProperties":{},"messageSource":"telemetry","module":null,"schema":"default@v1","telemetry":{"Humidity":34},"templateId":"dtmi:aqwddchu9:acuzxqtwps"}
{"applicationId":"91d34f09-839b-446e-93b5-674baf0a1af6","component":null,"deviceId":"mydht11","enqueuedTime":"2023-04-16T17:30:43.458Z","enrichments":{},"messageProperties":{},"messageSource":"telemetry","module":null,"schema":"default@v1","telemetry":{"Temperature":24.200001},"templateId":"dtmi:aqwddchu9:acuzxqtwps"}
{"applicationId":"91d34f09-839b-446e-93b5-674baf0a1af6","component":null,"deviceId":"mydht11","enqueuedTime":"2023-04-16T17:31:18.806Z","enrichments":{},"messageProperties":{},"messageSource":"telemetry","module":null,"schema":"default@v1","telemetry":{"Temperature":24.200001},"templateId":"dtmi:aqwddchu9:acuzxqtwps"}
{"applicationId":"91d34f09-839b-446e-93b5-674baf0a1af6","component":null,"deviceId":"mydht11","enqueuedTime":"2023-04-16T17:31:18.853Z","enrichments":{},"messageProperties":{},"messageSource":"telemetry","module":null,"schema":"default@v1","telemetry":{"Humidity":34},"templateId":"dtmi:aqwddchu9:acuzxqtwps"}
{"applicationId":"91d34f09-839b-446e-93b5-674baf0a1af6","component":null,"deviceId":"mydht11","enqueuedTime":"2023-04-16T17:31:18.868Z","enrichments":{},"messageProperties":{},"messageSource":"telemetry","module":null,"schema":"default@v1","telemetry":{"Temperature":24.200001},"templateId":"dtmi:aqwddchu9:acuzxqtwps"}
{"applicationId":"91d34f09-839b-446e-93b5-674baf0a1af6","component":null,"deviceId":"mydht11","enqueuedTime":"2023-04-16T17:31:18.962Z","enrichments":{},"messageProperties":{},"messageSource":"telemetry","module":null,"schema":"default@v1","telemetry":{"Humidity":34},"templateId":"dtmi:aqwddchu9:acuzxqtwps"}
{"applicationId":"91d34f09-839b-446e-93b5-674baf0a1af6","component":null,"deviceId":"mydht11","enqueuedTime":"2023-04-16T17:31:19.040Z","enrichments":{},"messageProperties":{},"messageSource":"telemetry","module":null,"schema":"default@v1","telemetry":{"Temperature":24.200001},"templateId":"dtmi:aqwddchu9:acuzxqtwps"}
{"applicationId":"91d34f09-839b-446e-93b5-674baf0a1af6","component":null,"deviceId":"mydht11","enqueuedTime":"2023-04-16T17:31:19.118Z","enrichments":{},"messageProperties":{},"messageSource":"telemetry","module":null,"schema":"default@v1","telemetry":{"Humidity":34},"templateId":"dtmi:aqwddchu9:acuzxqtwps"}
{"applicationId":"91d34f09-839b-446e-93b5-674baf0a1af6","component":null,"deviceId":"mydht11","enqueuedTime":"2023-04-16T17:31:19.196Z","enrichments":{},"messageProperties":{},"messageSource":"telemetry","module":null,"schema":"default@v1","telemetry":{"Temperature":24.200001},"templateId":"dtmi:aqwddchu9:acuzxqtwps"}
{"applicationId":"91d34f09-839b-446e-93b5-674baf0a1af6","component":null,"deviceId":"mydht11","enqueuedTime":"2023-04-16T17:31:19.290Z","enrichments":{},"messageProperties":{},"messageSource":"telemetry","module":null,"schema":"default@v1","telemetry":{"Humidity":34},"templateId":"dtmi:aqwddchu9:acuzxqtwps"}
{"applicationId":"91d34f09-839b-446e-93b5-674baf0a1af6","component":null,"deviceId":"mydht11","enqueuedTime":"2023-04-16T17:31:19.368Z","enrichments":{},"messageProperties":{},"messageSource":"telemetry","module":null,"schema":"default@v1","telemetry":{"Temperature":24.200001},"templateId":"dtmi:aqwddchu9:acuzxqtwps"}
{"applicationId":"91d34f09-839b-446e-93b5-674baf0a1af6","component":null,"deviceId":"mydht11","enqueuedTime":"2023-04-16T17:31:19.446Z","enrichments":{},"messageProperties":{},"messageSource":"telemetry","module":null,"schema":"default@v1","telemetry":{"Humidity":34},"templateId":"dtmi:aqwddchu9:acuzxqtwps"}
{"applicationId":"91d34f09-839b-446e-93b5-674baf0a1af6","component":null,"deviceId":"mydht11","enqueuedTime":"2023-04-16T17:31:19.525Z","enrichments":{},"messageProperties":{},"messageSource":"telemetry","module":null,"schema":"default@v1","telemetry":{"Temperature":24.200001},"templateId":"dtmi:aqwddchu9:acuzxqtwps"}
{"applicationId":"91d34f09-839b-446e-93b5-674baf0a1af6","component":null,"deviceId":"mydht11","enqueuedTime":"2023-04-16T17:31:19.775Z","enrichments":{},"messageProperties":{},"messageSource":"telemetry","module":null,"schema":"default@v1","telemetry":{"Humidity":34},"templateId":"dtmi:aqwddchu9:acuzxqtwps"}
{"applicationId":"91d34f09-839b-446e-93b5-674baf0a1af6","component":null,"deviceId":"mydht11","enqueuedTime":"2023-04-16T17:31:19.791Z","enrichments":{},"messageProperties":{},"messageSource":"telemetry","module":null,"schema":"default@v1","telemetry":{"Temperature":24.200001},"templateId":"dtmi:aqwddchu9:acuzxqtwps"}
{"applicationId":"91d34f09-839b-446e-93b5-674baf0a1af6","component":null,"deviceId":"mydht11","enqueuedTime":"2023-04-16T17:31:19.806Z","enrichments":{},"messageProperties":{},"messageSource":"telemetry","module":null,"schema":"default@v1","telemetry":{"Humidity":34},"templateId":"dtmi:aqwddchu9:acuzxqtwps"}
{"applicationId":"91d34f09-839b-446e-93b5-674baf0a1af6","component":null,"deviceId":"mydht11","enqueuedTime":"2023-04-16T17:31:19.868Z","enrichments":{},"messageProperties":{},"messageSource":"telemetry","module":null,"schema":"default@v1","telemetry":{"Temperature":24.200001},"templateId":"dtmi:aqwddchu9:acuzxqtwps"}
{"applicationId":"91d34f09-839b-446e-93b5-674baf0a1af6","component":null,"deviceId":"mydht11","enqueuedTime":"2023-04-16T17:31:19.931Z","enrichments":{},"messageProperties":{},"messageSource":"telemetry","module":null,"schema":"default@v1","telemetry":{"Humidity":34},"templateId":"dtmi:aqwddchu9:acuzxqtwps"}
{"applicationId":"91d34f09-839b-446e-93b5-674baf0a1af6","component":null,"deviceId":"mydht11","enqueuedTime":"2023-04-16T17:31:20.009Z","enrichments":{},"messageProperties":{},"messageSource":"telemetry","module":null,"schema":"default@v1","telemetry":{"Temperature":24.200001},"templateId":"dtmi:aqwddchu9:acuzxqtwps"}
{"applicationId":"91d34f09-839b-446e-93b5-674baf0a1af6","component":null,"deviceId":"mydht11","enqueuedTime":"2023-04-16T17:31:20.103Z","enrichments":{},"messageProperties":{},"messageSource":"telemetry","module":null,"schema":"default@v1","telemetry":{"Humidity":34},"templateId":"dtmi:aqwddchu9:acuzxqtwps"}
{"applicationId":"91d34f09-839b-446e-93b5-674baf0a1af6","component":null,"deviceId":"mydht11","enqueuedTime":"2023-04-16T17:31:20.181Z","enrichments":{},"messageProperties":{},"messageSource":"telemetry","module":null,"schema":"default@v1","telemetry":{"Temperature":24.200001},"templateId":"dtmi:aqwddchu9:acuzxqtwps"}
{"applicationId":"91d34f09-839b-446e-93b5-674baf0a1af6","component":null,"deviceId":"mydht11","enqueuedTime":"2023-04-16T17:31:20.259Z","enrichments":{},"messageProperties":{},"messageSource":"telemetry","module":null,"schema":"default@v1","telemetry":{"Humidity":34},"templateId":"dtmi:aqwddchu9:acuzxqtwps"}
{"applicationId":"91d34f09-839b-446e-93b5-674baf0a1af6","component":null,"deviceId":"mydht11","enqueuedTime":"2023-04-16T17:31:20.337Z","enrichments":{},"messageProperties":{},"messageSource":"telemetry","module":null,"schema":"default@v1","telemetry":{"Temperature":24.200001},"templateId":"dtmi:aqwddchu9:acuzxqtwps"}
{"applicationId":"91d34f09-839b-446e-93b5-674baf0a1af6","component":null,"deviceId":"mydht11","enqueuedTime":"2023-04-16T17:31:20.431Z","enrichments":{},"messageProperties":{},"messageSource":"telemetry","module":null,"schema":"default@v1","telemetry":{"Humidity":34},"templateId":"dtmi:aqwddchu9:acuzxqtwps"}
{"applicationId":"91d34f09-839b-446e-93b5-674baf0a1af6","component":null,"deviceId":"mydht11","enqueuedTime":"2023-04-16T17:31:20.509Z","enrichments":{},"messageProperties":{},"messageSource":"telemetry","module":null,"schema":"default@v1","telemetry":{"Temperature":24.200001},"templateId":"dtmi:aqwddchu9:acuzxqtwps"}
{"applicationId":"91d34f09-839b-446e-93b5-674baf0a1af6","component":null,"deviceId":"mydht11","enqueuedTime":"2023-04-16T17:31:20.587Z","enrichments":{},"messageProperties":{},"messageSource":"telemetry","module":null,"schema":"default@v1","telemetry":{"Humidity":34},"templateId":"dtmi:aqwddchu9:acuzxqtwps"}
{"applicationId":"91d34f09-839b-446e-93b5-674baf0a1af6","component":null,"deviceId":"mydht11","enqueuedTime":"2023-04-16T17:31:20.668Z","enrichments":{},"messageProperties":{},"messageSource":"telemetry","module":null,"schema":"default@v1","telemetry":{"Temperature":24.200001},"templateId":"dtmi:aqwddchu9:acuzxqtwps"}
{"applicationId":"91d34f09-839b-446e-93b5-674baf0a1af6","component":null,"deviceId":"mydht11","enqueuedTime":"2023-04-16T17:31:20.743Z","enrichments":{},"messageProperties":{},"messageSource":"telemetry","module":null,"schema":"default@v1","telemetry":{"Humidity":34},"templateId":"dtmi:aqwddchu9:acuzxqtwps"}
{"applicationId":"91d34f09-839b-446e-93b5-674baf0a1af6","component":null,"deviceId":"mydht11","enqueuedTime":"2023-04-16T17:31:20.853Z","enrichments":{},"messageProperties":{},"messageSource":"telemetry","module":null,"schema":"default@v1","telemetry":{"Temperature":24.200001},"templateId":"dtmi:aqwddchu9:acuzxqtwps"}
{"applicationId":"91d34f09-839b-446e-93b5-674baf0a1af6","component":null,"deviceId":"mydht11","enqueuedTime":"2023-04-16T17:31:20.915Z","enrichments":{},"messageProperties":{},"messageSource":"telemetry","module":null,"schema":"default@v1","telemetry":{"Humidity":35},"templateId":"dtmi:aqwddchu9:acuzxqtwps"}
{"applicationId":"91d34f09-839b-446e-93b5-674baf0a1af6","component":null,"deviceId":"mydht11","enqueuedTime":"2023-04-16T17:31:21.040Z","enrichments":{},"messageProperties":{},"messageSource":"telemetry","module":null,"schema":"default@v1","telemetry":{"Temperature":24.200001},"templateId":"dtmi:aqwddchu9:acuzxqtwps"}
{"applicationId":"91d34f09-839b-446e-93b5-674baf0a1af6","component":null,"deviceId":"mydht11","enqueuedTime":"2023-04-16T17:31:21.072Z","enrichments":{},"messageProperties":{},"messageSource":"telemetry","module":null,"schema":"default@v1","telemetry":{"Humidity":35},"templateId":"dtmi:aqwddchu9:acuzxqtwps"}
{"applicationId":"91d34f09-839b-446e-93b5-674baf0a1af6","component":null,"deviceId":"mydht11","enqueuedTime":"2023-04-16T17:31:21.150Z","enrichments":{},"messageProperties":{},"messageSource":"telemetry","module":null,"schema":"default@v1","telemetry":{"Temperature":24.200001},"templateId":"dtmi:aqwddchu9:acuzxqtwps"}
{"applicationId":"91d34f09-839b-446e-93b5-674baf0a1af6","component":null,"deviceId":"mydht11","enqueuedTime":"2023-04-16T17:31:21.228Z","enrichments":{},"messageProperties":{},"messageSource":"telemetry","module":null,"schema":"default@v1","telemetry":{"Humidity":35},"templateId":"dtmi:aqwddchu9:acuzxqtwps"}
{"applicationId":"91d34f09-839b-446e-93b5-674baf0a1af6","component":null,"deviceId":"mydht11","enqueuedTime":"2023-04-16T17:31:21.306Z","enrichments":{},"messageProperties":{},"messageSource":"telemetry","module":null,"schema":"default@v1","telemetry":{"Temperature":24.200001},"templateId":"dtmi:aqwddchu9:acuzxqtwps"}
{"applicationId":"91d34f09-839b-446e-93b5-674baf0a1af6","component":null,"deviceId":"mydht11","enqueuedTime":"2023-04-16T17:31:21.400Z","enrichments":{},"messageProperties":{},"messageSource":"telemetry","module":null,"schema":"default@v1","telemetry":{"Humidity":35},"templateId":"dtmi:aqwddchu9:acuzxqtwps"}
{"applicationId":"91d34f09-839b-446e-93b5-674baf0a1af6","component":null,"deviceId":"mydht11","enqueuedTime":"2023-04-16T17:31:21.478Z","enrichments":{},"messageProperties":{},"messageSource":"telemetry","module":null,"schema":"default@v1","telemetry":{"Temperature":24.200001},"templateId":"dtmi:aqwddchu9:acuzxqtwps"}
{"applicationId":"91d34f09-839b-446e-93b5-674baf0a1af6","component":null,"deviceId":"mydht11","enqueuedTime":"2023-04-16T17:31:21.556Z","enrichments":{},"messageProperties":{},"messageSource":"telemetry","module":null,"schema":"default@v1","telemetry":{"Humidity":35},"templateId":"dtmi:aqwddchu9:acuzxqtwps"}
{"applicationId":"91d34f09-839b-446e-93b5-674baf0a1af6","component":null,"deviceId":"mydht11","enqueuedTime":"2023-04-16T17:31:21.634Z","enrichments":{},"messageProperties":{},"messageSource":"telemetry","module":null,"schema":"default@v1","telemetry":{"Temperature":24.200001},"templateId":"dtmi:aqwddchu9:acuzxqtwps"}
{"applicationId":"91d34f09-839b-446e-93b5-674baf0a1af6","component":null,"deviceId":"mydht11","enqueuedTime":"2023-04-16T17:31:21.728Z","enrichments":{},"messageProperties":{},"messageSource":"telemetry","module":null,"schema":"default@v1","telemetry":{"Humidity":35},"templateId":"dtmi:aqwddchu9:acuzxqtwps"}
{"applicationId":"91d34f09-839b-446e-93b5-674baf0a1af6","component":null,"deviceId":"mydht11","enqueuedTime":"2023-04-16T17:31:21.806Z","enrichments":{},"messageProperties":{},"messageSource":"telemetry","module":null,"schema":"default@v1","telemetry":{"Temperature":24.200001},"templateId":"dtmi:aqwddchu9:acuzxqtwps"}
{"applicationId":"91d34f09-839b-446e-93b5-674baf0a1af6","component":null,"deviceId":"mydht11","enqueuedTime":"2023-04-16T17:31:21.884Z","enrichments":{},"messageProperties":{},"messageSource":"telemetry","module":null,"schema":"default@v1","telemetry":{"Humidity":35},"templateId":"dtmi:aqwddchu9:acuzxqtwps"}
{"applicationId":"91d34f09-839b-446e-93b5-674baf0a1af6","component":null,"deviceId":"mydht11","enqueuedTime":"2023-04-16T17:31:21.962Z","enrichments":{},"messageProperties":{},"messageSource":"telemetry","module":null,"schema":"default@v1","telemetry":{"Temperature":24.200001},"templateId":"dtmi:aqwddchu9:acuzxqtwps"}
{"applicationId":"91d34f09-839b-446e-93b5-674baf0a1af6","component":null,"deviceId":"mydht11","enqueuedTime":"2023-04-16T17:31:22.040Z","enrichments":{},"messageProperties":{},"messageSource":"telemetry","module":null,"schema":"default@v1","telemetry":{"Humidity":35},"templateId":"dtmi:aqwddchu9:acuzxqtwps"}
{"applicationId":"91d34f09-839b-446e-93b5-674baf0a1af6","component":null,"deviceId":"mydht11","enqueuedTime":"2023-04-16T17:31:22.134Z","enrichments":{},"messageProperties":{},"messageSource":"telemetry","module":null,"schema":"default@v1","telemetry":{"Temperature":24.200001},"templateId":"dtmi:aqwddchu9:acuzxqtwps"}
{"applicationId":"91d34f09-839b-446e-93b5-674baf0a1af6","component":null,"deviceId":"mydht11","enqueuedTime":"2023-04-16T17:31:22.212Z","enrichments":{},"messageProperties":{},"messageSource":"telemetry","module":null,"schema":"default@v1","telemetry":{"Humidity":35},"templateId":"dtmi:aqwddchu9:acuzxqtwps"}
{"applicationId":"91d34f09-839b-446e-93b5-674baf0a1af6","component":null,"deviceId":"mydht11","enqueuedTime":"2023-04-16T17:31:22.290Z","enrichments":{},"messageProperties":{},"messageSource":"telemetry","module":null,"schema":"default@v1","telemetry":{"Temperature":24.200001},"templateId":"dtmi:aqwddchu9:acuzxqtwps"}
{"applicationId":"91d34f09-839b-446e-93b5-674baf0a1af6","component":null,"deviceId":"mydht11","enqueuedTime":"2023-04-16T17:31:22.368Z","enrichments":{},"messageProperties":{},"messageSource":"telemetry","module":null,"schema":"default@v1","telemetry":{"Humidity":35},"templateId":"dtmi:aqwddchu9:acuzxqtwps"}
{"applicationId":"91d34f09-839b-446e-93b5-674baf0a1af6","component":null,"deviceId":"mydht11","enqueuedTime":"2023-04-16T17:31:22.446Z","enrichments":{},"messageProperties":{},"messageSource":"telemetry","module":null,"schema":"default@v1","telemetry":{"Temperature":24.200001},"templateId":"dtmi:aqwddchu9:acuzxqtwps"}
{"applicationId":"91d34f09-839b-446e-93b5-674baf0a1af6","component":null,"deviceId":"mydht11","enqueuedTime":"2023-04-16T17:31:22.572Z","enrichments":{},"messageProperties":{},"messageSource":"telemetry","module":null,"schema":"default@v1","telemetry":{"Humidity":35},"templateId":"dtmi:aqwddchu9:acuzxqtwps"}
{"applicationId":"91d34f09-839b-446e-93b5-674baf0a1af6","component":null,"deviceId":"mydht11","enqueuedTime":"2023-04-16T17:31:22.619Z","enrichments":{},"messageProperties":{},"messageSource":"telemetry","module":null,"schema":"default@v1","telemetry":{"Temperature":24.200001},"templateId":"dtmi:aqwddchu9:acuzxqtwps"}
{"applicationId":"91d34f09-839b-446e-93b5-674baf0a1af6","component":null,"deviceId":"mydht11","enqueuedTime":"2023-04-16T17:31:22.697Z","enrichments":{},"messageProperties":{},"messageSource":"telemetry","module":null,"schema":"default@v1","telemetry":{"Humidity":35},"templateId":"dtmi:aqwddchu9:acuzxqtwps"}
